antecedents,consequents,antecedent support,consequent support,support,confidence,lift,representativity,leverage,conviction,zhangs_metric,jaccard,certainty,kulczynski
"frozenset({'Malzahar', 'Ashe'})",frozenset({'Ornn'}),0.008,0.028,0.006,0.75,26.785714285714285,1.0,0.005776,3.888,0.9704301075268817,0.19999999999999996,0.742798353909465,0.48214285714285715
"frozenset({'Mel', 'Pyke'})",frozenset({'Nilah'}),0.008,0.028,0.006,0.75,26.785714285714285,1.0,0.005776,3.888,0.9704301075268817,0.19999999999999996,0.742798353909465,0.48214285714285715
"frozenset({'Mel', 'Nilah'})",frozenset({'Pyke'}),0.006,0.038,0.006,1.0,26.315789473684212,1.0,0.005772,inf,0.9678068410462778,0.15789473684210528,1.0,0.5789473684210527
"frozenset({'Galio', 'Sett'})",frozenset({'Varus'}),0.006,0.042,0.006,1.0,23.809523809523807,1.0,0.0057480000000000005,inf,0.9637826961770625,0.14285714285714285,1.0,0.5714285714285714
"frozenset({'Veigar', 'Jinx'})",frozenset({'DrMundo'}),0.008,0.032,0.006,0.75,23.4375,1.0,0.005744,3.872,0.9650537634408602,0.1764705882352941,0.7417355371900827,0.46875
"frozenset({'Ornn', 'Ashe'})",frozenset({'Malzahar'}),0.006,0.052,0.006,1.0,19.23076923076923,1.0,0.005688,inf,0.9537223340040243,0.11538461538461539,1.0,0.5576923076923077
"frozenset({'Varus', 'Galio'})",frozenset({'Sett'}),0.006,0.052,0.006,1.0,19.23076923076923,1.0,0.005688,inf,0.9537223340040243,0.11538461538461539,1.0,0.5576923076923077
"frozenset({'Varus', 'Sett'})",frozenset({'Galio'}),0.008,0.04,0.006,0.75,18.75,1.0,0.00568,3.84,0.9543010752688172,0.14285714285714285,0.7395833333333334,0.45
"frozenset({'Yasuo', 'Jhin'})",frozenset({'Zyra'}),0.008,0.048,0.006,0.75,15.625,1.0,0.005616,3.808,0.9435483870967742,0.12,0.7373949579831932,0.4375
frozenset({'Nilah'}),frozenset({'Pyke'}),0.028,0.038,0.016,0.5714285714285714,15.037593984962406,1.0,0.014936,2.2446666666666664,0.9603909465020576,0.32,0.5544995544995545,0.49624060150375937
frozenset({'Pyke'}),frozenset({'Nilah'}),0.038,0.028,0.016,0.4210526315789474,15.037593984962406,1.0,0.014936,1.678909090909091,0.9703742203742204,0.32,0.40437513536928743,0.49624060150375937
frozenset({'Illaoi'}),frozenset({'Syndra'}),0.018,0.024,0.006,0.33333333333333337,13.88888888888889,1.0,0.005568,1.464,0.945010183299389,0.16666666666666669,0.31693989071038253,0.2916666666666667
frozenset({'Syndra'}),frozenset({'Illaoi'}),0.024,0.018,0.006,0.25,13.88888888888889,1.0,0.005568,1.3093333333333332,0.9508196721311475,0.16666666666666669,0.23625254582484725,0.2916666666666667
"frozenset({'DrMundo', 'Jinx'})",frozenset({'Veigar'}),0.01,0.048,0.006,0.6,12.5,1.0,0.00552,2.38,0.9292929292929293,0.11538461538461538,0.5798319327731092,0.3625
"frozenset({'Ornn', 'Malzahar'})",frozenset({'Ashe'}),0.008,0.064,0.006,0.75,11.71875,1.0,0.005488,3.7439999999999998,0.9220430107526881,0.09090909090909091,0.7329059829059829,0.421875
"frozenset({'DrMundo', 'Veigar'})",frozenset({'Jinx'}),0.006,0.092,0.006,1.0,10.869565217391305,1.0,0.005448,inf,0.9134808853118712,0.06521739130434782,1.0,0.532608695652174
frozenset({'Yuumi'}),frozenset({'Nilah'}),0.02,0.028,0.006,0.3,10.714285714285714,1.0,0.00544,1.3885714285714286,0.925170068027211,0.14285714285714285,0.279835390946502,0.2571428571428571
frozenset({'Nilah'}),frozenset({'Yuumi'}),0.028,0.02,0.006,0.21428571428571427,10.714285714285714,1.0,0.00544,1.2472727272727273,0.9327846364883402,0.14285714285714285,0.19825072886297376,0.2571428571428571
"frozenset({'Zyra', 'Jhin'})",frozenset({'Yasuo'}),0.008,0.078,0.006,0.75,9.615384615384615,1.0,0.005376000000000001,3.688,0.903225806451613,0.07500000000000001,0.7288503253796096,0.41346153846153844
frozenset({'Lillia'}),frozenset({'Swain'}),0.014,0.046,0.006,0.42857142857142855,9.316770186335404,1.0,0.005356,1.6695,0.905341446923597,0.11111111111111112,0.40101826894279724,0.2795031055900621
frozenset({'Swain'}),frozenset({'Lillia'}),0.046,0.014,0.006,0.13043478260869565,9.316770186335404,1.0,0.005356,1.1339,0.9357092941998602,0.11111111111111112,0.11808801481612136,0.2795031055900621
frozenset({'Veigar'}),frozenset({'Kindred'}),0.048,0.014,0.006,0.125,8.928571428571429,1.0,0.005328,1.1268571428571428,0.9327731092436975,0.10714285714285714,0.11257606490872211,0.2767857142857143
frozenset({'Kindred'}),frozenset({'Veigar'}),0.014,0.048,0.006,0.42857142857142855,8.928571428571427,1.0,0.005328,1.666,0.9006085192697769,0.10714285714285714,0.3997599039615846,0.2767857142857143
frozenset({'Singed'}),frozenset({'Vayne'}),0.016,0.044,0.006,0.375,8.522727272727273,1.0,0.005296,1.5295999999999998,0.8970189701897019,0.11111111111111112,0.346234309623431,0.2556818181818182
frozenset({'Quinn'}),frozenset({'Leona'}),0.022,0.032,0.006,0.27272727272727276,8.522727272727273,1.0,0.005296,1.331,0.9025221540558964,0.125,0.2486851990984223,0.23011363636363638
frozenset({'Leona'}),frozenset({'Quinn'}),0.032,0.022,0.006,0.1875,8.522727272727273,1.0,0.005296,1.2036923076923076,0.9118457300275483,0.125,0.16922290388548059,0.23011363636363638
frozenset({'Vayne'}),frozenset({'Singed'}),0.044,0.016,0.006,0.13636363636363638,8.522727272727273,1.0,0.005296,1.1393684210526316,0.9232914923291493,0.11111111111111112,0.1223207686622321,0.2556818181818182
frozenset({'Draven'}),frozenset({'Thresh'}),0.024,0.032,0.006,0.25,7.8125,1.0,0.0052320000000000005,1.2906666666666666,0.8934426229508198,0.12,0.22520661157024793,0.21875
frozenset({'Thresh'}),frozenset({'Draven'}),0.032,0.024,0.006,0.1875,7.8125,1.0,0.0052320000000000005,1.201230769230769,0.9008264462809918,0.12,0.1675204918032787,0.21875
frozenset({'FiddleSticks'}),frozenset({'Yone'}),0.018,0.044,0.006,0.33333333333333337,7.575757575757577,1.0,0.005208,1.434,0.8839103869653768,0.10714285714285714,0.3026499302649931,0.23484848484848486
frozenset({'Yone'}),frozenset({'FiddleSticks'}),0.044,0.018,0.006,0.13636363636363638,7.575757575757577,1.0,0.005208,1.1370526315789473,0.9079497907949791,0.10714285714285714,0.12053323458618775,0.23484848484848486
frozenset({'TahmKench'}),frozenset({'Akshan'}),0.036,0.03,0.008,0.22222222222222224,7.407407407407408,1.0,0.006920000000000001,1.247142857142857,0.8973029045643155,0.13793103448275862,0.19816723940435282,0.24444444444444446
frozenset({'Akshan'}),frozenset({'TahmKench'}),0.03,0.036,0.008,0.26666666666666666,7.407407407407407,1.0,0.006920000000000001,1.3145454545454545,0.8917525773195878,0.13793103448275862,0.2392807745504841,0.24444444444444446
frozenset({'Alistar'}),frozenset({'MasterYi'}),0.016,0.054,0.006,0.375,6.944444444444445,1.0,0.005136,1.5135999999999998,0.8699186991869918,0.09375,0.339323467230444,0.24305555555555555
frozenset({'MasterYi'}),frozenset({'Alistar'}),0.054,0.016,0.006,0.11111111111111112,6.944444444444445,1.0,0.005136,1.107,0.904862579281184,0.09375,0.0966576332429991,0.24305555555555555
frozenset({'Kindred'}),frozenset({'Mel'}),0.014,0.064,0.006,0.42857142857142855,6.696428571428571,1.0,0.005104,1.638,0.8627450980392156,0.08333333333333334,0.3894993894993895,0.2611607142857143
frozenset({'Katarina'}),frozenset({'Amumu'}),0.016,0.056,0.006,0.375,6.696428571428571,1.0,0.005104,1.5104,0.8644986449864498,0.09090909090909091,0.33792372881355937,0.24107142857142858
frozenset({'Amumu'}),frozenset({'Katarina'}),0.056,0.016,0.006,0.10714285714285714,6.696428571428571,1.0,0.005104,1.10208,0.9011299435028249,0.09090909090909091,0.09262485481997676,0.24107142857142858
frozenset({'Velkoz'}),frozenset({'Leblanc'}),0.03,0.03,0.006,0.2,6.666666666666667,1.0,0.0051,1.2125,0.8762886597938145,0.11111111111111112,0.1752577319587629,0.2
frozenset({'Leblanc'}),frozenset({'Velkoz'}),0.03,0.03,0.006,0.2,6.666666666666667,1.0,0.0051,1.2125,0.8762886597938145,0.11111111111111112,0.1752577319587629,0.2
frozenset({'Braum'}),frozenset({'Kaisa'}),0.024,0.038,0.006,0.25,6.578947368421053,1.0,0.0050880000000000005,1.2826666666666666,0.8688524590163935,0.10714285714285714,0.2203742203742204,0.20394736842105265
frozenset({'Kaisa'}),frozenset({'Braum'}),0.038,0.024,0.006,0.15789473684210528,6.578947368421053,1.0,0.0050880000000000005,1.159,0.8814968814968815,0.10714285714285714,0.13718723037100952,0.20394736842105265
frozenset({'Zilean'}),frozenset({'Caitlyn'}),0.012,0.102,0.008,0.6666666666666666,6.5359477124183005,1.0,0.006776,2.694,0.8572874493927126,0.07547169811320756,0.6288047512991833,0.37254901960784315
frozenset({'Aatrox'}),frozenset({'Warwick'}),0.02,0.062,0.008,0.4,6.451612903225807,1.0,0.00676,1.5633333333333332,0.8622448979591838,0.1081081081081081,0.36034115138592754,0.2645161290322581
frozenset({'Warwick'}),frozenset({'Aatrox'}),0.062,0.02,0.008,0.12903225806451613,6.451612903225806,1.0,0.00676,1.125185185185185,0.9008528784648189,0.1081081081081081,0.11125740618828175,0.2645161290322581
frozenset({'Rammus'}),frozenset({'Yasuo'}),0.012,0.078,0.006,0.5,6.410256410256411,1.0,0.005064,1.844,0.854251012145749,0.07142857142857144,0.45770065075921906,0.28846153846153844
frozenset({'Malphite'}),frozenset({'Seraphine'}),0.028,0.034,0.006,0.21428571428571427,6.30252100840336,1.0,0.005048,1.2294545454545454,0.8655692729766804,0.10714285714285714,0.18663117420881395,0.19537815126050417
frozenset({'Seraphine'}),frozenset({'Malphite'}),0.034,0.028,0.006,0.1764705882352941,6.30252100840336,1.0,0.005048,1.1802857142857144,0.8709454796411319,0.10714285714285714,0.15274751876059064,0.19537815126050417
frozenset({'Karthus'}),frozenset({'Jhin'}),0.012,0.08,0.006,0.5,6.25,1.0,0.00504,1.84,0.8502024291497976,0.06976744186046513,0.45652173913043476,0.2875
"frozenset({'Zyra', 'Yasuo'})",frozenset({'Jhin'}),0.012,0.08,0.006,0.5,6.25,1.0,0.00504,1.84,0.8502024291497976,0.06976744186046513,0.45652173913043476,0.2875
frozenset({'Syndra'}),frozenset({'Briar'}),0.024,0.042,0.006,0.25,5.952380952380952,1.0,0.004992,1.2773333333333332,0.8524590163934426,0.09999999999999999,0.2171189979123173,0.19642857142857142
frozenset({'Briar'}),frozenset({'Syndra'}),0.042,0.024,0.006,0.14285714285714285,5.952380952380952,1.0,0.004992,1.1386666666666665,0.8684759916492694,0.09999999999999999,0.12177985948477751,0.19642857142857142
"frozenset({'Pyke', 'Nilah'})",frozenset({'Mel'}),0.016,0.064,0.006,0.375,5.859375,1.0,0.004976,1.4975999999999998,0.8428184281842819,0.08108108108108109,0.3322649572649573,0.234375
frozenset({'Talon'}),frozenset({'Malzahar'}),0.02,0.052,0.006,0.3,5.769230769230769,1.0,0.00496,1.3542857142857143,0.8435374149659864,0.09090909090909093,0.2616033755274262,0.20769230769230768
frozenset({'Malzahar'}),frozenset({'Talon'}),0.052,0.02,0.006,0.11538461538461539,5.769230769230769,1.0,0.00496,1.1078260869565217,0.8720112517580872,0.09090909090909093,0.09733124018838304,0.20769230769230768
frozenset({'Hwei'}),frozenset({'Zyra'}),0.03,0.048,0.008,0.26666666666666666,5.555555555555555,1.0,0.00656,1.298181818181818,0.845360824742268,0.11428571428571428,0.2296918767507003,0.21666666666666667
frozenset({'Zyra'}),frozenset({'Hwei'}),0.048,0.03,0.008,0.16666666666666666,5.555555555555555,1.0,0.00656,1.164,0.8613445378151261,0.11428571428571428,0.140893470790378,0.21666666666666667
frozenset({'DrMundo'}),frozenset({'Lulu'}),0.032,0.034,0.006,0.1875,5.514705882352941,1.0,0.004912,1.188923076923077,0.8457300275482094,0.09999999999999999,0.15890269151138717,0.18198529411764705
frozenset({'Lulu'}),frozenset({'DrMundo'}),0.034,0.032,0.006,0.1764705882352941,5.51470588235294,1.0,0.004912,1.1754285714285715,0.8474810213940648,0.09999999999999999,0.149246475449684,0.18198529411764705
frozenset({'Ornn'}),frozenset({'Malzahar'}),0.028,0.052,0.008,0.2857142857142857,5.4945054945054945,1.0,0.006544,1.3272,0.8415637860082305,0.1111111111111111,0.24653405666063893,0.21978021978021978
frozenset({'Zed'}),frozenset({'Varus'}),0.026,0.042,0.006,0.23076923076923078,5.4945054945054945,1.0,0.004908,1.2454,0.839835728952772,0.0967741935483871,0.19704512606391522,0.18681318681318682
frozenset({'Malzahar'}),frozenset({'Ornn'}),0.052,0.028,0.008,0.15384615384615385,5.4945054945054945,1.0,0.006544,1.1487272727272728,0.8628691983122364,0.1111111111111111,0.12947135169357393,0.21978021978021978
frozenset({'Varus'}),frozenset({'Zed'}),0.042,0.026,0.006,0.14285714285714285,5.4945054945054945,1.0,0.004908,1.1363333333333332,0.8538622129436326,0.0967741935483871,0.11997653270753887,0.18681318681318682
frozenset({'Lulu'}),frozenset({'Yone'}),0.034,0.044,0.008,0.23529411764705882,5.347593582887701,1.0,0.006504,1.2501538461538462,0.8416149068322982,0.11428571428571428,0.20009844942160968,0.20855614973262032
frozenset({'Ezreal'}),frozenset({'Tryndamere'}),0.066,0.034,0.012,0.18181818181818182,5.347593582887701,1.0,0.009756,1.1806666666666668,0.8704496788008567,0.13636363636363635,0.15302089215132694,0.267379679144385
frozenset({'Yone'}),frozenset({'Lulu'}),0.044,0.034,0.008,0.18181818181818182,5.347593582887701,1.0,0.006504,1.1806666666666668,0.850418410041841,0.11428571428571428,0.15302089215132694,0.20855614973262032
frozenset({'Tryndamere'}),frozenset({'Ezreal'}),0.034,0.066,0.012,0.3529411764705882,5.3475935828877,1.0,0.009756,1.4434545454545453,0.8416149068322982,0.13636363636363635,0.30721753369441995,0.267379679144385
frozenset({'Twitch'}),frozenset({'Malzahar'}),0.036,0.052,0.01,0.2777777777777778,5.341880341880342,1.0,0.008128,1.3126153846153845,0.8431535269709544,0.12820512820512822,0.23816221284575717,0.23504273504273504
frozenset({'Malzahar'}),frozenset({'Twitch'}),0.052,0.036,0.01,0.19230769230769232,5.341880341880342,1.0,0.008128,1.1935238095238094,0.8573839662447257,0.12820512820512822,0.16214490903287584,0.23504273504273504
frozenset({'Jax'}),frozenset({'AurelionSol'}),0.038,0.03,0.006,0.15789473684210528,5.263157894736843,1.0,0.00486,1.151875,0.8419958419958419,0.0967741935483871,0.13185024416711885,0.17894736842105263
frozenset({'AurelionSol'}),frozenset({'Jax'}),0.03,0.038,0.006,0.2,5.2631578947368425,1.0,0.00486,1.2025,0.8350515463917526,0.0967741935483871,0.1683991683991684,0.17894736842105263
frozenset({'Vayne'}),frozenset({'Hecarim'}),0.044,0.026,0.006,0.13636363636363638,5.244755244755246,1.0,0.004856,1.1277894736842105,0.8465829846582985,0.09375000000000001,0.11330968825835358,0.1835664335664336
frozenset({'Hecarim'}),frozenset({'Vayne'}),0.026,0.044,0.006,0.23076923076923078,5.244755244755245,1.0,0.004856,1.2428000000000001,0.8309377138945927,0.09375000000000001,0.19536530415191508,0.1835664335664336
frozenset({'Urgot'}),frozenset({'TahmKench'}),0.032,0.036,0.006,0.1875,5.208333333333334,1.0,0.004848,1.1864615384615385,0.8347107438016529,0.0967741935483871,0.15715767634854771,0.17708333333333334
frozenset({'TahmKench'}),frozenset({'Urgot'}),0.036,0.032,0.006,0.16666666666666669,5.208333333333334,1.0,0.004848,1.1616,0.8381742738589212,0.0967741935483871,0.1391184573002755,0.17708333333333334
frozenset({'Ambessa'}),frozenset({'Tristana'}),0.02,0.06,0.006,0.3,5.0,1.0,0.0048000000000000004,1.342857142857143,0.816326530612245,0.08108108108108109,0.2553191489361702,0.2
frozenset({'Leblanc'}),frozenset({'Nunu'}),0.03,0.04,0.006,0.2,5.0,1.0,0.0048000000000000004,1.2,0.8247422680412373,0.09375,0.16666666666666669,0.175
frozenset({'Sivir'}),frozenset({'Yorick'}),0.03,0.04,0.006,0.2,5.0,1.0,0.0048000000000000004,1.2,0.8247422680412373,0.09375,0.16666666666666669,0.175
frozenset({'Nunu'}),frozenset({'Leblanc'}),0.04,0.03,0.006,0.15,5.0,1.0,0.0048000000000000004,1.1411764705882352,0.8333333333333335,0.09375,0.12371134020618557,0.175
frozenset({'Yorick'}),frozenset({'Sivir'}),0.04,0.03,0.006,0.15,5.0,1.0,0.0048000000000000004,1.1411764705882352,0.8333333333333335,0.09375,0.12371134020618557,0.175
frozenset({'Tristana'}),frozenset({'Ambessa'}),0.06,0.02,0.006,0.1,5.0,1.0,0.0048000000000000004,1.0888888888888888,0.8510638297872342,0.08108108108108109,0.0816326530612245,0.2
frozenset({'Aphelios'}),frozenset({'MasterYi'}),0.03,0.054,0.008,0.26666666666666666,4.938271604938271,1.0,0.00638,1.2899999999999998,0.8221649484536083,0.10526315789473686,0.2248062015503876,0.2074074074074074
frozenset({'MasterYi'}),frozenset({'Aphelios'}),0.054,0.03,0.008,0.14814814814814814,4.938271604938271,1.0,0.00638,1.138695652173913,0.8430232558139535,0.10526315789473686,0.12180221458571974,0.2074074074074074
frozenset({'Rammus'}),frozenset({'Caitlyn'}),0.012,0.102,0.006,0.5,4.901960784313726,1.0,0.004776,1.796,0.8056680161943319,0.055555555555555566,0.44320712694877507,0.27941176470588236
frozenset({'Lulu'}),frozenset({'Twitch'}),0.034,0.036,0.006,0.1764705882352941,4.901960784313726,1.0,0.004776,1.1705714285714286,0.8240165631469979,0.09375,0.145716377837442,0.1715686274509804
frozenset({'Twitch'}),frozenset({'Lulu'}),0.036,0.034,0.006,0.16666666666666669,4.901960784313726,1.0,0.004776,1.1592,0.8257261410788381,0.09375,0.13733609385783302,0.1715686274509804
frozenset({'Vayne'}),frozenset({'Gnar'}),0.044,0.028,0.006,0.13636363636363638,4.870129870129871,1.0,0.004768,1.1254736842105262,0.8312412831241283,0.09090909090909093,0.11148522259633373,0.17532467532467533
frozenset({'Gnar'}),frozenset({'Vayne'}),0.028,0.044,0.006,0.21428571428571427,4.87012987012987,1.0,0.004768,1.2167272727272727,0.8175582990397804,0.09090909090909093,0.1781231320980275,0.17532467532467533
frozenset({'Gwen'}),frozenset({'Jinx'}),0.018,0.092,0.008,0.4444444444444445,4.830917874396135,1.0,0.006344000000000001,1.6344,0.8075356415478616,0.0784313725490196,0.38815467449828683,0.26570048309178745
frozenset({'Hecarim'}),frozenset({'Kayle'}),0.026,0.048,0.006,0.23076923076923078,4.8076923076923075,1.0,0.004752,1.2376,0.813141683778234,0.08823529411764708,0.1919844861021332,0.1778846153846154
frozenset({'Lucian'}),frozenset({'Kayle'}),0.026,0.048,0.006,0.23076923076923078,4.8076923076923075,1.0,0.004752,1.2376,0.813141683778234,0.08823529411764708,0.1919844861021332,0.1778846153846154
frozenset({'Kayle'}),frozenset({'Hecarim'}),0.048,0.026,0.006,0.125,4.8076923076923075,1.0,0.004752,1.1131428571428572,0.8319327731092437,0.08823529411764708,0.10164271047227927,0.1778846153846154
frozenset({'Kayle'}),frozenset({'Lucian'}),0.048,0.026,0.006,0.125,4.8076923076923075,1.0,0.004752,1.1131428571428572,0.8319327731092437,0.08823529411764708,0.10164271047227927,0.1778846153846154
frozenset({'Nocturne'}),frozenset({'Nami'}),0.044,0.048,0.01,0.2272727272727273,4.734848484848485,1.0,0.007888000000000001,1.232,0.8251046025104605,0.12195121951219512,0.18831168831168835,0.21780303030303033
frozenset({'Nami'}),frozenset({'Nocturne'}),0.048,0.044,0.01,0.20833333333333334,4.734848484848485,1.0,0.007888000000000001,1.207578947368421,0.8285714285714287,0.12195121951219512,0.17189679218967924,0.21780303030303033
frozenset({'Xayah'}),frozenset({'Darius'}),0.022,0.116,0.012,0.5454545454545455,4.702194357366771,1.0,0.009448,1.9448000000000003,0.8050443081117927,0.09523809523809523,0.4858083093377212,0.32445141065830724
frozenset({'Darius'}),frozenset({'Xayah'}),0.116,0.022,0.012,0.10344827586206896,4.702194357366771,1.0,0.009448,1.0908461538461538,0.8906485671191552,0.09523809523809523,0.08328044566673717,0.32445141065830724
frozenset({'Ambessa'}),frozenset({'Mel'}),0.02,0.064,0.006,0.3,4.6875,1.0,0.00472,1.3371428571428572,0.8027210884353743,0.07692307692307693,0.25213675213675213,0.196875
frozenset({'Vi'}),frozenset({'Ashe'}),0.02,0.064,0.006,0.3,4.6875,1.0,0.00472,1.3371428571428572,0.8027210884353743,0.07692307692307693,0.25213675213675213,0.196875
frozenset({'Akali'}),frozenset({'Morgana'}),0.032,0.04,0.006,0.1875,4.6875,1.0,0.00472,1.1815384615384614,0.81267217630854,0.09090909090909091,0.15364583333333334,0.16875
frozenset({'Akali'}),frozenset({'Nunu'}),0.032,0.04,0.006,0.1875,4.6875,1.0,0.00472,1.1815384615384614,0.81267217630854,0.09090909090909091,0.15364583333333334,0.16875
frozenset({'Akali'}),frozenset({'Sion'}),0.032,0.04,0.006,0.1875,4.6875,1.0,0.00472,1.1815384615384614,0.81267217630854,0.09090909090909091,0.15364583333333334,0.16875
frozenset({'Morgana'}),frozenset({'Akali'}),0.04,0.032,0.006,0.15,4.6875,1.0,0.00472,1.1388235294117648,0.8194444444444445,0.09090909090909091,0.12190082644628099,0.16875
frozenset({'Nunu'}),frozenset({'Akali'}),0.04,0.032,0.006,0.15,4.6875,1.0,0.00472,1.1388235294117648,0.8194444444444445,0.09090909090909091,0.12190082644628099,0.16875
frozenset({'Sion'}),frozenset({'Akali'}),0.04,0.032,0.006,0.15,4.6875,1.0,0.00472,1.1388235294117648,0.8194444444444445,0.09090909090909091,0.12190082644628099,0.16875
frozenset({'Nasus'}),frozenset({'Ekko'}),0.028,0.046,0.006,0.21428571428571427,4.658385093167702,1.0,0.004712,1.2141818181818183,0.8079561042524005,0.08823529411764708,0.1764001197963462,0.17236024844720496
frozenset({'Ekko'}),frozenset({'Nasus'}),0.046,0.028,0.006,0.13043478260869565,4.658385093167702,1.0,0.004712,1.1178,0.8232005590496156,0.08823529411764708,0.10538557881553051,0.17236024844720496
frozenset({'Braum'}),frozenset({'Mordekaiser'}),0.024,0.054,0.006,0.25,4.62962962962963,1.0,0.004704,1.2613333333333332,0.8032786885245902,0.08333333333333334,0.20718816067653278,0.18055555555555555
frozenset({'Mordekaiser'}),frozenset({'Braum'}),0.054,0.024,0.006,0.11111111111111112,4.62962962962963,1.0,0.004704,1.098,0.8287526427061311,0.08333333333333334,0.08925318761384335,0.18055555555555555
frozenset({'Trundle'}),frozenset({'Amumu'}),0.024,0.056,0.006,0.25,4.464285714285714,1.0,0.004656,1.2586666666666666,0.7950819672131149,0.08108108108108109,0.2055084745762712,0.17857142857142858
frozenset({'DrMundo'}),frozenset({'Varus'}),0.032,0.042,0.006,0.1875,4.464285714285714,1.0,0.004656,1.1790769230769231,0.8016528925619836,0.08823529411764705,0.15187891440501045,0.16517857142857142
frozenset({'Sylas'}),frozenset({'Varus'}),0.032,0.042,0.006,0.1875,4.464285714285714,1.0,0.004656,1.1790769230769231,0.8016528925619836,0.08823529411764705,0.15187891440501045,0.16517857142857142
frozenset({'Varus'}),frozenset({'DrMundo'}),0.042,0.032,0.006,0.14285714285714285,4.4642857142857135,1.0,0.004656,1.1293333333333333,0.8100208768267224,0.08823529411764705,0.11452184179456906,0.16517857142857142
frozenset({'Varus'}),frozenset({'Sylas'}),0.042,0.032,0.006,0.14285714285714285,4.4642857142857135,1.0,0.004656,1.1293333333333333,0.8100208768267224,0.08823529411764705,0.11452184179456906,0.16517857142857142
frozenset({'Amumu'}),frozenset({'Trundle'}),0.056,0.024,0.006,0.10714285714285714,4.4642857142857135,1.0,0.004656,1.0931199999999999,0.8220338983050849,0.08108108108108109,0.08518735362997656,0.17857142857142858
frozenset({'Soraka'}),frozenset({'Sett'}),0.026,0.052,0.006,0.23076923076923078,4.437869822485207,1.0,0.004648,1.2324,0.7953456536618755,0.08333333333333334,0.18857513794222658,0.17307692307692307
frozenset({'Sett'}),frozenset({'Soraka'}),0.052,0.026,0.006,0.11538461538461539,4.437869822485207,1.0,0.004648,1.1010434782608696,0.8171589310829819,0.08333333333333334,0.09177065234560103,0.17307692307692307
frozenset({'Aatrox'}),frozenset({'Jinx'}),0.02,0.092,0.008,0.4,4.347826086956522,1.0,0.0061600000000000005,1.5133333333333334,0.7857142857142858,0.07692307692307691,0.3392070484581498,0.24347826086956523
frozenset({'Lulu'}),frozenset({'Varus'}),0.034,0.042,0.006,0.1764705882352941,4.201680672268907,1.0,0.004572,1.1632857142857143,0.7888198757763975,0.0857142857142857,0.14036595849195627,0.15966386554621848
frozenset({'Varus'}),frozenset({'Lulu'}),0.042,0.034,0.006,0.14285714285714285,4.201680672268907,1.0,0.004572,1.1269999999999998,0.7954070981210856,0.0857142857142857,0.1126885536823425,0.15966386554621848
frozenset({'Milio'}),frozenset({'Jhin'}),0.018,0.08,0.006,0.33333333333333337,4.166666666666667,1.0,0.00456,1.3800000000000001,0.7739307535641547,0.06521739130434782,0.2753623188405797,0.2041666666666667
frozenset({'Akshan'}),frozenset({'Ashe'}),0.03,0.064,0.008,0.26666666666666666,4.166666666666667,1.0,0.00608,1.2763636363636361,0.7835051546391754,0.0930232558139535,0.21652421652421652,0.19583333333333333
frozenset({'Ashe'}),frozenset({'Akshan'}),0.064,0.03,0.008,0.125,4.166666666666667,1.0,0.00608,1.1085714285714285,0.8119658119658121,0.0930232558139535,0.0979381443298969,0.19583333333333333
frozenset({'Akali'}),frozenset({'Kayn'}),0.032,0.062,0.008,0.25,4.032258064516129,1.0,0.0060160000000000005,1.2506666666666666,0.7768595041322315,0.0930232558139535,0.20042643923240938,0.18951612903225806
frozenset({'Kayn'}),frozenset({'Akali'}),0.062,0.032,0.008,0.12903225806451613,4.032258064516129,1.0,0.0060160000000000005,1.1114074074074074,0.8017057569296376,0.0930232558139535,0.10023993601706212,0.18951612903225806
frozenset({'Nautilus'}),frozenset({'Varus'}),0.036,0.042,0.006,0.16666666666666669,3.9682539682539684,1.0,0.004488000000000001,1.1496,0.7759336099585064,0.08333333333333334,0.1301322199025748,0.15476190476190477
frozenset({'Varus'}),frozenset({'Nautilus'}),0.042,0.036,0.006,0.14285714285714285,3.9682539682539684,1.0,0.004488000000000001,1.1246666666666665,0.780793319415449,0.08333333333333334,0.11084765856550088,0.15476190476190477
frozenset({'Yone'}),frozenset({'Swain'}),0.044,0.046,0.008,0.18181818181818182,3.9525691699604746,1.0,0.005976,1.166,0.7813807531380754,0.09756097560975611,0.14236706689536882,0.17786561264822134
frozenset({'Swain'}),frozenset({'Yone'}),0.046,0.044,0.008,0.17391304347826086,3.9525691699604746,1.0,0.005976,1.1572631578947368,0.7830188679245284,0.09756097560975611,0.13589230489357834,0.17786561264822134
frozenset({'DrMundo'}),frozenset({'Veigar'}),0.032,0.048,0.006,0.1875,3.90625,1.0,0.004464,1.1716923076923076,0.768595041322314,0.08108108108108109,0.14653361344537816,0.15625
frozenset({'Veigar'}),frozenset({'DrMundo'}),0.048,0.032,0.006,0.125,3.90625,1.0,0.004464,1.1062857142857143,0.7815126050420168,0.08108108108108109,0.09607438016528926,0.15625
frozenset({'Nasus'}),frozenset({'Jinx'}),0.028,0.092,0.01,0.35714285714285715,3.8819875776397517,1.0,0.007424,1.4124444444444446,0.7637860082304527,0.09090909090909091,0.29200755191944616,0.2329192546583851
frozenset({'Jinx'}),frozenset({'Nasus'}),0.092,0.028,0.01,0.10869565217391305,3.8819875776397517,1.0,0.007424,1.0905365853658537,0.8176211453744492,0.09090909090909091,0.08302021828591878,0.2329192546583851
frozenset({'Hecarim'}),frozenset({'Tristana'}),0.026,0.06,0.006,0.23076923076923078,3.8461538461538467,1.0,0.00444,1.222,0.7597535934291582,0.07500000000000001,0.1816693944353519,0.1653846153846154
frozenset({'AurelionSol'}),frozenset({'Sett'}),0.03,0.052,0.006,0.2,3.8461538461538467,1.0,0.00444,1.1849999999999998,0.7628865979381444,0.07894736842105265,0.15611814345991565,0.1576923076923077
frozenset({'Sett'}),frozenset({'AurelionSol'}),0.052,0.03,0.006,0.11538461538461539,3.8461538461538467,1.0,0.00444,1.0965217391304347,0.7805907172995782,0.07894736842105265,0.0880253766851705,0.1576923076923077
frozenset({'Tristana'}),frozenset({'Hecarim'}),0.06,0.026,0.006,0.1,3.8461538461538467,1.0,0.00444,1.0822222222222222,0.7872340425531915,0.07500000000000001,0.07597535934291583,0.1653846153846154
frozenset({'Milio'}),frozenset({'Darius'}),0.018,0.116,0.008,0.4444444444444445,3.8314176245210727,1.0,0.005912000000000001,1.5912,0.7525458248472505,0.06349206349206349,0.3715434891905481,0.2567049808429119
frozenset({'Nasus'}),frozenset({'Amumu'}),0.028,0.056,0.006,0.21428571428571427,3.826530612244898,1.0,0.004432,1.2014545454545453,0.7599451303155007,0.07692307692307693,0.16767554479418886,0.1607142857142857
frozenset({'Amumu'}),frozenset({'Nasus'}),0.056,0.028,0.006,0.10714285714285714,3.826530612244898,1.0,0.004432,1.0886399999999998,0.7824858757062148,0.07692307692307693,0.08142269253380365,0.1607142857142857
frozenset({'Kaisa'}),frozenset({'Ahri'}),0.038,0.042,0.006,0.15789473684210528,3.7593984962406015,1.0,0.004404,1.137625,0.762993762993763,0.08108108108108109,0.12097571695418087,0.15037593984962405
frozenset({'Ahri'}),frozenset({'Kaisa'}),0.042,0.038,0.006,0.14285714285714285,3.7593984962406015,1.0,0.004404,1.1223333333333332,0.7661795407098121,0.08108108108108109,0.10899910899910899,0.15037593984962405
frozenset({'Velkoz'}),frozenset({'Mordekaiser'}),0.03,0.054,0.006,0.2,3.703703703703704,1.0,0.00438,1.1824999999999999,0.752577319587629,0.07692307692307694,0.15433403805496831,0.15555555555555556
frozenset({'Mordekaiser'}),frozenset({'Velkoz'}),0.054,0.03,0.006,0.11111111111111112,3.703703703703704,1.0,0.00438,1.09125,0.7716701902748415,0.07692307692307694,0.08361970217640322,0.15555555555555556
frozenset({'Nilah'}),frozenset({'Diana'}),0.028,0.058,0.006,0.21428571428571427,3.694581280788177,1.0,0.004376,1.198909090909091,0.7503429355281206,0.075,0.1659084015771914,0.15886699507389163
frozenset({'Diana'}),frozenset({'Nilah'}),0.058,0.028,0.006,0.10344827586206896,3.694581280788177,1.0,0.004376,1.084153846153846,0.7742392073602264,0.075,0.07762168298566767,0.15886699507389163
frozenset({'Skarner'}),frozenset({'Caitlyn'}),0.016,0.102,0.006,0.375,3.6764705882352944,1.0,0.004368,1.4368,0.7398373983739838,0.053571428571428575,0.30400890868596886,0.21691176470588236
frozenset({'Varus'}),frozenset({'Sett'}),0.042,0.052,0.008,0.19047619047619047,3.663003663003663,1.0,0.005816,1.1710588235294117,0.7588726513569938,0.0930232558139535,0.14607193088205747,0.17216117216117216
frozenset({'Sett'}),frozenset({'Varus'}),0.052,0.042,0.008,0.15384615384615385,3.663003663003663,1.0,0.005816,1.1321818181818182,0.7668776371308017,0.0930232558139535,0.11674963867030673,0.17216117216117216
frozenset({'DrMundo'}),frozenset({'Malzahar'}),0.032,0.052,0.006,0.1875,3.605769230769231,1.0,0.0043360000000000004,1.1667692307692308,0.7465564738292012,0.07692307692307694,0.1429324894514768,0.1514423076923077
frozenset({'Malzahar'}),frozenset({'DrMundo'}),0.052,0.032,0.006,0.11538461538461539,3.605769230769231,1.0,0.0043360000000000004,1.0942608695652174,0.7623066104078764,0.07692307692307694,0.08614113159567706,0.1514423076923077
frozenset({'Twitch'}),frozenset({'Warwick'}),0.036,0.062,0.008,0.22222222222222224,3.5842293906810037,1.0,0.0057680000000000006,1.206,0.7479253112033195,0.08888888888888889,0.17081260364842457,0.17562724014336917
frozenset({'Warwick'}),frozenset({'Twitch'}),0.062,0.036,0.008,0.12903225806451613,3.5842293906810037,1.0,0.0057680000000000006,1.1068148148148147,0.7686567164179106,0.08888888888888889,0.09650649176817025,0.17562724014336917
frozenset({'Jhin'}),frozenset({'Ornn'}),0.08,0.028,0.008,0.1,3.5714285714285716,1.0,0.0057599999999999995,1.0799999999999998,0.7826086956521738,0.08,0.07407407407407408,0.19285714285714284
frozenset({'Ornn'}),frozenset({'Jhin'}),0.028,0.08,0.008,0.2857142857142857,3.571428571428571,1.0,0.0057599999999999995,1.288,0.7407407407407407,0.08,0.22360248447204964,0.19285714285714284
frozenset({'Galio'}),frozenset({'Varus'}),0.04,0.042,0.006,0.15,3.571428571428571,1.0,0.00432,1.1270588235294117,0.7500000000000001,0.07894736842105264,0.11273486430062629,0.1464285714285714
frozenset({'Varus'}),frozenset({'Galio'}),0.042,0.04,0.006,0.14285714285714285,3.571428571428571,1.0,0.00432,1.1199999999999999,0.7515657620041755,0.07894736842105264,0.10714285714285714,0.1464285714285714
frozenset({'Anivia'}),frozenset({'Ezreal'}),0.026,0.066,0.006,0.23076923076923078,3.4965034965034967,1.0,0.004284,1.2142,0.73305954825462,0.06976744186046513,0.17641245264371605,0.16083916083916083
frozenset({'Twitch'}),frozenset({'Kayle'}),0.036,0.048,0.006,0.16666666666666669,3.4722222222222223,1.0,0.004272,1.1424,0.7385892116182572,0.07692307692307694,0.12464985994397762,0.14583333333333334
frozenset({'TahmKench'}),frozenset({'Veigar'}),0.036,0.048,0.006,0.16666666666666669,3.4722222222222223,1.0,0.004272,1.1424,0.7385892116182572,0.07692307692307694,0.12464985994397762,0.14583333333333334
frozenset({'Kayle'}),frozenset({'Twitch'}),0.048,0.036,0.006,0.125,3.4722222222222223,1.0,0.004272,1.1017142857142856,0.7478991596638654,0.07692307692307694,0.09232365145228216,0.14583333333333334
frozenset({'Veigar'}),frozenset({'TahmKench'}),0.048,0.036,0.006,0.125,3.4722222222222223,1.0,0.004272,1.1017142857142856,0.7478991596638654,0.07692307692307694,0.09232365145228216,0.14583333333333334
frozenset({'Velkoz'}),frozenset({'Diana'}),0.03,0.058,0.006,0.2,3.4482758620689657,1.0,0.00426,1.1774999999999998,0.731958762886598,0.07317073170731708,0.1507430997876858,0.15172413793103448
frozenset({'Diana'}),frozenset({'Velkoz'}),0.058,0.03,0.006,0.10344827586206896,3.4482758620689657,1.0,0.00426,1.0819230769230768,0.7537154989384288,0.07317073170731708,0.07571987202275152,0.15172413793103448
frozenset({'Aphelios'}),frozenset({'Yasuo'}),0.03,0.078,0.008,0.26666666666666666,3.4188034188034186,1.0,0.00566,1.2572727272727273,0.7293814432989691,0.08,0.2046276211135213,0.18461538461538463
frozenset({'Yasuo'}),frozenset({'Aphelios'}),0.078,0.03,0.008,0.10256410256410256,3.4188034188034186,1.0,0.00566,1.0808571428571427,0.7673535791757049,0.08,0.07480835315886862,0.18461538461538463
frozenset({'Nocturne'}),frozenset({'Morgana'}),0.044,0.04,0.006,0.13636363636363638,3.4090909090909096,1.0,0.004240000000000001,1.111578947368421,0.7391910739191075,0.07692307692307694,0.10037878787878789,0.1431818181818182
frozenset({'Morgana'}),frozenset({'Nocturne'}),0.04,0.044,0.006,0.15,3.409090909090909,1.0,0.004240000000000001,1.1247058823529412,0.7361111111111113,0.07692307692307694,0.1108786610878661,0.1431818181818182
frozenset({'AurelionSol'}),frozenset({'MissFortune'}),0.03,0.098,0.01,0.33333333333333337,3.4013605442176873,1.0,0.00706,1.3530000000000002,0.7278350515463917,0.0847457627118644,0.2609016999260902,0.217687074829932
frozenset({'MissFortune'}),frozenset({'AurelionSol'}),0.098,0.03,0.01,0.10204081632653061,3.4013605442176873,1.0,0.00706,1.0802272727272726,0.7827050997782705,0.0847457627118644,0.07426888281085631,0.217687074829932
frozenset({'Ahri'}),frozenset({'Shaco'}),0.042,0.042,0.006,0.14285714285714285,3.401360544217687,1.0,0.004236,1.1176666666666666,0.7369519832985387,0.07692307692307693,0.10527885475693408,0.14285714285714285
frozenset({'Shaco'}),frozenset({'Ahri'}),0.042,0.042,0.006,0.14285714285714285,3.401360544217687,1.0,0.004236,1.1176666666666666,0.7369519832985387,0.07692307692307693,0.10527885475693408,0.14285714285714285
frozenset({'Varus'}),frozenset({'Briar'}),0.042,0.042,0.006,0.14285714285714285,3.401360544217687,1.0,0.004236,1.1176666666666666,0.7369519832985387,0.07692307692307693,0.10527885475693408,0.14285714285714285
frozenset({'Briar'}),frozenset({'Varus'}),0.042,0.042,0.006,0.14285714285714285,3.401360544217687,1.0,0.004236,1.1176666666666666,0.7369519832985387,0.07692307692307693,0.10527885475693408,0.14285714285714285
frozenset({'DrMundo'}),frozenset({'Jinx'}),0.032,0.092,0.01,0.3125,3.3967391304347827,1.0,0.007056,1.3207272727272727,0.7289256198347107,0.08771929824561403,0.24284140969162996,0.21059782608695654
frozenset({'Jinx'}),frozenset({'DrMundo'}),0.092,0.032,0.01,0.10869565217391305,3.3967391304347827,1.0,0.007056,1.086048780487805,0.7770925110132157,0.08771929824561403,0.0792310456342077,0.21059782608695654
frozenset({'Lulu'}),frozenset({'Malzahar'}),0.034,0.052,0.006,0.1764705882352941,3.3936651583710407,1.0,0.004232,1.1511428571428572,0.7301587301587301,0.07500000000000001,0.13129808885579547,0.14592760180995473
frozenset({'Malzahar'}),frozenset({'Lulu'}),0.052,0.034,0.006,0.11538461538461539,3.3936651583710407,1.0,0.004232,1.092,0.7440225035161744,0.07500000000000001,0.08424908424908426,0.14592760180995473
frozenset({'Ornn'}),frozenset({'Ashe'}),0.028,0.064,0.006,0.21428571428571427,3.3482142857142856,1.0,0.004208,1.1912727272727273,0.7215363511659807,0.06976744186046513,0.16056166056166055,0.15401785714285715
frozenset({'Xerath'}),frozenset({'Ashe'}),0.028,0.064,0.006,0.21428571428571427,3.3482142857142856,1.0,0.004208,1.1912727272727273,0.7215363511659807,0.06976744186046513,0.16056166056166055,0.15401785714285715
frozenset({'Nilah'}),frozenset({'Mel'}),0.028,0.064,0.006,0.21428571428571427,3.3482142857142856,1.0,0.004208,1.1912727272727273,0.7215363511659807,0.06976744186046513,0.16056166056166055,0.15401785714285715
frozenset({'Nilah'}),frozenset({'Teemo'}),0.028,0.064,0.006,0.21428571428571427,3.3482142857142856,1.0,0.004208,1.1912727272727273,0.7215363511659807,0.06976744186046513,0.16056166056166055,0.15401785714285715
frozenset({'Brand'}),frozenset({'Viego'}),0.03,0.06,0.006,0.2,3.3333333333333335,1.0,0.004200000000000001,1.1749999999999998,0.7216494845360826,0.07142857142857144,0.14893617021276598,0.15000000000000002
frozenset({'Jhin'}),frozenset({'Brand'}),0.08,0.03,0.008,0.1,3.3333333333333335,1.0,0.005600000000000001,1.0777777777777777,0.7608695652173914,0.0784313725490196,0.07216494845360825,0.18333333333333335
frozenset({'Viego'}),frozenset({'Brand'}),0.06,0.03,0.006,0.1,3.3333333333333335,1.0,0.004200000000000001,1.0777777777777777,0.7446808510638299,0.07142857142857144,0.07216494845360825,0.15000000000000002
frozenset({'Brand'}),frozenset({'Jhin'}),0.03,0.08,0.008,0.26666666666666666,3.333333333333333,1.0,0.005600000000000001,1.2545454545454544,0.7216494845360826,0.0784313725490196,0.20289855072463764,0.18333333333333335
frozenset({'Gragas'}),frozenset({'Lux'}),0.014,0.13,0.006,0.42857142857142855,3.2967032967032965,1.0,0.00418,1.5225000000000002,0.7065584854631507,0.043478260869565216,0.3431855500821018,0.23736263736263735
frozenset({'Pyke'}),frozenset({'Mel'}),0.038,0.064,0.008,0.2105263157894737,3.2894736842105265,1.0,0.005568,1.1856,0.7234927234927235,0.0851063829787234,0.15654520917678816,0.16776315789473684
frozenset({'Jax'}),frozenset({'Nami'}),0.038,0.048,0.006,0.15789473684210528,3.2894736842105265,1.0,0.004176,1.1305,0.7234927234927234,0.07500000000000001,0.11543564794338791,0.14144736842105265
frozenset({'Nami'}),frozenset({'Jax'}),0.048,0.038,0.006,0.125,3.2894736842105265,1.0,0.004176,1.0994285714285714,0.7310924369747899,0.07500000000000001,0.09043659043659043,0.14144736842105265
frozenset({'Mel'}),frozenset({'Pyke'}),0.064,0.038,0.008,0.125,3.2894736842105265,1.0,0.005568,1.0994285714285714,0.7435897435897436,0.0851063829787234,0.09043659043659043,0.16776315789473684
frozenset({'Udyr'}),frozenset({'Jinx'}),0.02,0.092,0.006,0.3,3.260869565217391,1.0,0.0041600000000000005,1.2971428571428574,0.707482993197279,0.05660377358490566,0.22907488986784139,0.1826086956521739
frozenset({'Volibear'}),frozenset({'Ahri'}),0.044,0.042,0.006,0.13636363636363638,3.246753246753247,1.0,0.004152,1.1092631578947367,0.7238493723849373,0.07500000000000001,0.09850066426266844,0.13961038961038963
frozenset({'Ahri'}),frozenset({'Volibear'}),0.042,0.044,0.006,0.14285714285714285,3.2467532467532467,1.0,0.004152,1.1153333333333333,0.722338204592902,0.07500000000000001,0.10340705319784818,0.13961038961038963
frozenset({'Velkoz'}),frozenset({'Warwick'}),0.03,0.062,0.006,0.2,3.2258064516129035,1.0,0.0041400000000000005,1.1724999999999999,0.7113402061855671,0.06976744186046513,0.1471215351812367,0.14838709677419354
frozenset({'Zyra'}),frozenset({'Yasuo'}),0.048,0.078,0.012,0.25,3.2051282051282053,1.0,0.008256,1.2293333333333334,0.7226890756302521,0.10526315789473684,0.18655097613882862,0.20192307692307693
frozenset({'Yasuo'}),frozenset({'Zyra'}),0.078,0.048,0.012,0.15384615384615385,3.2051282051282053,1.0,0.008256,1.1250909090909091,0.7462039045553144,0.10526315789473684,0.11118293471234648,0.20192307692307693
frozenset({'AurelionSol'}),frozenset({'Ashe'}),0.03,0.064,0.006,0.2,3.125,1.0,0.00408,1.17,0.7010309278350516,0.06818181818181819,0.1452991452991453,0.146875
frozenset({'Velkoz'}),frozenset({'Ashe'}),0.03,0.064,0.006,0.2,3.125,1.0,0.00408,1.17,0.7010309278350516,0.06818181818181819,0.1452991452991453,0.146875
frozenset({'Thresh'}),frozenset({'Tristana'}),0.032,0.06,0.006,0.1875,3.125,1.0,0.00408,1.156923076923077,0.7024793388429753,0.06976744186046513,0.13563829787234044,0.14375
frozenset({'Thresh'}),frozenset({'Viego'}),0.032,0.06,0.006,0.1875,3.125,1.0,0.00408,1.156923076923077,0.7024793388429753,0.06976744186046513,0.13563829787234044,0.14375
frozenset({'Viktor'}),frozenset({'Viego'}),0.032,0.06,0.006,0.1875,3.125,1.0,0.00408,1.156923076923077,0.7024793388429753,0.06976744186046513,0.13563829787234044,0.14375
frozenset({'Galio'}),frozenset({'Kayle'}),0.04,0.048,0.006,0.15,3.125,1.0,0.00408,1.1199999999999999,0.7083333333333335,0.07317073170731708,0.10714285714285714,0.1375
frozenset({'Kayle'}),frozenset({'Galio'}),0.048,0.04,0.006,0.125,3.125,1.0,0.00408,1.0971428571428572,0.7142857142857143,0.07317073170731708,0.08854166666666666,0.1375
frozenset({'Tristana'}),frozenset({'Thresh'}),0.06,0.032,0.006,0.1,3.125,1.0,0.00408,1.0755555555555556,0.723404255319149,0.06976744186046513,0.07024793388429752,0.14375
frozenset({'Viego'}),frozenset({'Thresh'}),0.06,0.032,0.006,0.1,3.125,1.0,0.00408,1.0755555555555556,0.723404255319149,0.06976744186046513,0.07024793388429752,0.14375
frozenset({'Viego'}),frozenset({'Viktor'}),0.06,0.032,0.006,0.1,3.125,1.0,0.00408,1.0755555555555556,0.723404255319149,0.06976744186046513,0.07024793388429752,0.14375
frozenset({'Lulu'}),frozenset({'Garen'}),0.034,0.076,0.008,0.23529411764705882,3.0959752321981426,1.0,0.005416000000000001,1.2083076923076925,0.7008281573498966,0.0784313725490196,0.1723962312197606,0.17027863777089783
frozenset({'Garen'}),frozenset({'Lulu'}),0.076,0.034,0.008,0.10526315789473685,3.0959752321981426,1.0,0.005416000000000001,1.0796470588235294,0.7326839826839827,0.0784313725490196,0.07377138498419963,0.17027863777089783
frozenset({'Briar'}),frozenset({'Zyra'}),0.042,0.048,0.006,0.14285714285714285,2.976190476190476,1.0,0.003984,1.1106666666666665,0.6931106471816284,0.07142857142857144,0.09963985594237694,0.13392857142857142
frozenset({'Shaco'}),frozenset({'Kayle'}),0.042,0.048,0.006,0.14285714285714285,2.976190476190476,1.0,0.003984,1.1106666666666665,0.6931106471816284,0.07142857142857144,0.09963985594237694,0.13392857142857142
frozenset({'Zyra'}),frozenset({'Briar'}),0.048,0.042,0.006,0.125,2.976190476190476,1.0,0.003984,1.0948571428571428,0.6974789915966386,0.07142857142857144,0.08663883089770354,0.13392857142857142
frozenset({'Kayle'}),frozenset({'Shaco'}),0.048,0.042,0.006,0.125,2.976190476190476,1.0,0.003984,1.0948571428571428,0.6974789915966386,0.07142857142857144,0.08663883089770354,0.13392857142857142
frozenset({'Gangplank'}),frozenset({'Caitlyn'}),0.02,0.102,0.006,0.3,2.9411764705882355,1.0,0.00396,1.282857142857143,0.673469387755102,0.05172413793103449,0.22048997772828507,0.17941176470588235
frozenset({'Thresh'}),frozenset({'Teemo'}),0.032,0.064,0.006,0.1875,2.9296875,1.0,0.003952000000000001,1.152,0.6804407713498624,0.06666666666666667,0.13194444444444445,0.140625
frozenset({'Anivia'}),frozenset({'Jhin'}),0.026,0.08,0.006,0.23076923076923078,2.8846153846153846,1.0,0.00392,1.1960000000000002,0.6707734428473647,0.060000000000000005,0.16387959866220736,0.1528846153846154
frozenset({'Galio'}),frozenset({'Sett'}),0.04,0.052,0.006,0.15,2.8846153846153846,1.0,0.00392,1.1152941176470588,0.6805555555555556,0.06976744186046513,0.10337552742616035,0.1326923076923077
frozenset({'Sion'}),frozenset({'Sett'}),0.04,0.052,0.006,0.15,2.8846153846153846,1.0,0.00392,1.1152941176470588,0.6805555555555556,0.06976744186046513,0.10337552742616035,0.1326923076923077
frozenset({'Sett'}),frozenset({'Galio'}),0.052,0.04,0.006,0.11538461538461539,2.8846153846153846,1.0,0.00392,1.085217391304348,0.689170182841069,0.06976744186046513,0.07852564102564102,0.1326923076923077
frozenset({'Sett'}),frozenset({'Sion'}),0.052,0.04,0.006,0.11538461538461539,2.8846153846153846,1.0,0.00392,1.085217391304348,0.689170182841069,0.06976744186046513,0.07852564102564102,0.1326923076923077
frozenset({'Tryndamere'}),frozenset({'Kayn'}),0.034,0.062,0.006,0.1764705882352941,2.846299810246679,1.0,0.003892,1.139,0.6714975845410628,0.06666666666666667,0.12203687445127304,0.13662239089184058
frozenset({'Pyke'}),frozenset({'Amumu'}),0.038,0.056,0.006,0.15789473684210528,2.8195488721804516,1.0,0.003872,1.121,0.6708246708246708,0.06818181818181819,0.10793933987511153,0.1325187969924812
frozenset({'Amumu'}),frozenset({'Pyke'}),0.056,0.038,0.006,0.10714285714285714,2.819548872180451,1.0,0.003872,1.07744,0.6836158192090396,0.06818181818181819,0.07187407187407188,0.1325187969924812
frozenset({'Graves'}),frozenset({'MissFortune'}),0.022,0.098,0.006,0.27272727272727276,2.782931354359926,1.0,0.003844,1.24025,0.6550783912747103,0.052631578947368425,0.1937109453739166,0.16697588126159557
frozenset({'Nautilus'}),frozenset({'Tristana'}),0.036,0.06,0.006,0.16666666666666669,2.777777777777778,1.0,0.0038400000000000005,1.1280000000000001,0.6639004149377594,0.06666666666666667,0.11347517730496456,0.13333333333333336
frozenset({'MasterYi'}),frozenset({'Galio'}),0.054,0.04,0.006,0.11111111111111112,2.777777777777778,1.0,0.00384,1.08,0.6765327695560255,0.06818181818181819,0.0740740740740741,0.13055555555555556
frozenset({'Tristana'}),frozenset({'Nautilus'}),0.06,0.036,0.006,0.1,2.777777777777778,1.0,0.0038400000000000005,1.0711111111111111,0.6808510638297873,0.06666666666666667,0.06639004149377593,0.13333333333333336
frozenset({'Galio'}),frozenset({'MasterYi'}),0.04,0.054,0.006,0.15,2.7777777777777777,1.0,0.00384,1.112941176470588,0.6666666666666667,0.06818181818181819,0.10147991543340382,0.13055555555555556
frozenset({'Lulu'}),frozenset({'Teemo'}),0.034,0.064,0.006,0.1764705882352941,2.75735294117647,1.0,0.0038239999999999997,1.1365714285714286,0.6597653554175293,0.06521739130434782,0.12016088486676721,0.13511029411764705
frozenset({'Ezreal'}),frozenset({'Volibear'}),0.066,0.044,0.008,0.12121212121212122,2.7548209366391188,1.0,0.005096,1.0878620689655172,0.6820128479657388,0.0784313725490196,0.08076581716749082,0.15151515151515152
frozenset({'Volibear'}),frozenset({'Ezreal'}),0.044,0.066,0.008,0.18181818181818182,2.7548209366391183,1.0,0.005096,1.1415555555555557,0.6663179916317992,0.0784313725490196,0.1240023359937707,0.15151515151515152
frozenset({'Xerath'}),frozenset({'Yasuo'}),0.028,0.078,0.006,0.21428571428571427,2.7472527472527473,1.0,0.003816,1.1734545454545455,0.6543209876543209,0.060000000000000005,0.14781530833591572,0.1456043956043956
frozenset({'Pyke'}),frozenset({'Diana'}),0.038,0.058,0.006,0.15789473684210528,2.722323049001815,1.0,0.003796,1.118625,0.6576576576576576,0.06666666666666667,0.10604536819756401,0.13067150635208713
frozenset({'Diana'}),frozenset({'Pyke'}),0.058,0.038,0.006,0.10344827586206896,2.722323049001815,1.0,0.003796,1.073,0.6716206652512385,0.06666666666666667,0.0680335507921715,0.13067150635208713
frozenset({'Braum'}),frozenset({'Jinx'}),0.024,0.092,0.006,0.25,2.717391304347826,1.0,0.0037920000000000002,1.2106666666666668,0.6475409836065574,0.05454545454545455,0.17400881057268722,0.15760869565217392
frozenset({'Ekko'}),frozenset({'Nami'}),0.046,0.048,0.006,0.13043478260869565,2.717391304347826,1.0,0.0037920000000000002,1.0948,0.6624737945492662,0.06818181818181819,0.0865911582024114,0.12771739130434784
frozenset({'Nami'}),frozenset({'Ekko'}),0.048,0.046,0.006,0.125,2.717391304347826,1.0,0.0037920000000000002,1.0902857142857143,0.6638655462184875,0.06818181818181819,0.08280922431865828,0.12771739130434784
frozenset({'Galio'}),frozenset({'Amumu'}),0.04,0.056,0.006,0.15,2.6785714285714284,1.0,0.00376,1.1105882352941177,0.6527777777777778,0.06666666666666667,0.09957627118644069,0.12857142857142856
frozenset({'Amumu'}),frozenset({'Galio'}),0.056,0.04,0.006,0.10714285714285714,2.6785714285714284,1.0,0.00376,1.0752,0.6638418079096046,0.06666666666666667,0.06994047619047619,0.12857142857142856
frozenset({'Soraka'}),frozenset({'Darius'}),0.026,0.116,0.008,0.3076923076923077,2.6525198938992043,1.0,0.004984000000000001,1.276888888888889,0.6396303901437372,0.05970149253731343,0.21684650191437524,0.18832891246684352
frozenset({'Diana'}),frozenset({'Yasuo'}),0.058,0.078,0.012,0.20689655172413793,2.6525198938992043,1.0,0.007476,1.1625217391304348,0.6613588110403397,0.0967741935483871,0.1398010322387613,0.18037135278514588
frozenset({'Yasuo'}),frozenset({'Diana'}),0.078,0.058,0.012,0.15384615384615385,2.6525198938992043,1.0,0.007476,1.1132727272727272,0.675704989154013,0.0967741935483871,0.10174750939082151,0.18037135278514588
frozenset({'Ahri'}),frozenset({'MasterYi'}),0.042,0.054,0.006,0.14285714285714285,2.6455026455026456,1.0,0.003732,1.1036666666666666,0.6492693110647182,0.06666666666666667,0.09392932648746603,0.12698412698412698
frozenset({'MasterYi'}),frozenset({'Ahri'}),0.054,0.042,0.006,0.11111111111111112,2.6455026455026456,1.0,0.003732,1.07775,0.6575052854122622,0.06666666666666667,0.07214103456274648,0.12698412698412698
frozenset({'Akshan'}),frozenset({'Caitlyn'}),0.03,0.102,0.008,0.26666666666666666,2.6143790849673203,1.0,0.00494,1.2245454545454544,0.63659793814433,0.06451612903225806,0.18337045285820344,0.17254901960784313
frozenset({'Hwei'}),frozenset({'Caitlyn'}),0.03,0.102,0.008,0.26666666666666666,2.6143790849673203,1.0,0.00494,1.2245454545454544,0.63659793814433,0.06451612903225806,0.18337045285820344,0.17254901960784313
frozenset({'TahmKench'}),frozenset({'Ashe'}),0.036,0.064,0.006,0.16666666666666669,2.604166666666667,1.0,0.003696,1.1232,0.6390041493775933,0.06382978723404255,0.10968660968660972,0.13020833333333334
frozenset({'Shaco'}),frozenset({'Jinx'}),0.042,0.092,0.01,0.23809523809523808,2.587991718426501,1.0,0.006136,1.19175,0.6405010438413361,0.08064516129032258,0.1608978393119362,0.17339544513457555
frozenset({'Jinx'}),frozenset({'Shaco'}),0.092,0.042,0.01,0.10869565217391305,2.587991718426501,1.0,0.006136,1.074829268292683,0.675770925110132,0.08064516129032258,0.0696196786784061,0.17339544513457555
frozenset({'Gangplank'}),frozenset({'Darius'}),0.02,0.116,0.006,0.3,2.5862068965517238,1.0,0.00368,1.262857142857143,0.6258503401360545,0.046153846153846156,0.20814479638009048,0.17586206896551723
frozenset({'Senna'}),frozenset({'Darius'}),0.02,0.116,0.006,0.3,2.5862068965517238,1.0,0.00368,1.262857142857143,0.6258503401360545,0.046153846153846156,0.20814479638009048,0.17586206896551723
frozenset({'FiddleSticks'}),frozenset({'Lux'}),0.018,0.13,0.006,0.33333333333333337,2.5641025641025643,1.0,0.00366,1.3050000000000002,0.6211812627291243,0.04225352112676057,0.23371647509578547,0.18974358974358976
frozenset({'Brand'}),frozenset({'Yasuo'}),0.03,0.078,0.006,0.2,2.5641025641025643,1.0,0.00366,1.1525,0.6288659793814434,0.05882352941176471,0.13232104121475055,0.13846153846153847
frozenset({'Akali'}),frozenset({'MissFortune'}),0.032,0.098,0.008,0.25,2.5510204081632653,1.0,0.004864,1.2026666666666668,0.628099173553719,0.06557377049180328,0.16851441241685144,0.16581632653061223
frozenset({'Varus'}),frozenset({'Amumu'}),0.042,0.056,0.006,0.14285714285714285,2.5510204081632653,1.0,0.0036479999999999998,1.1013333333333333,0.6346555323590815,0.06521739130434782,0.09200968523002422,0.125
frozenset({'Amumu'}),frozenset({'Varus'}),0.056,0.042,0.006,0.10714285714285714,2.551020408163265,1.0,0.0036479999999999998,1.07296,0.6440677966101694,0.06521739130434782,0.06799880703847301,0.125
frozenset({'Vayne'}),frozenset({'MasterYi'}),0.044,0.054,0.006,0.13636363636363638,2.5252525252525255,1.0,0.0036240000000000005,1.0953684210526315,0.6317991631799165,0.06521739130434782,0.08706515471843171,0.12373737373737376
frozenset({'Nocturne'}),frozenset({'Mordekaiser'}),0.044,0.054,0.006,0.13636363636363638,2.5252525252525255,1.0,0.0036240000000000005,1.0953684210526315,0.6317991631799165,0.06521739130434782,0.08706515471843171,0.12373737373737376
frozenset({'MasterYi'}),frozenset({'Vayne'}),0.054,0.044,0.006,0.11111111111111112,2.5252525252525255,1.0,0.0036240000000000005,1.0755000000000001,0.6384778012684991,0.06521739130434782,0.07019990701999071,0.12373737373737376
frozenset({'Mordekaiser'}),frozenset({'Nocturne'}),0.054,0.044,0.006,0.11111111111111112,2.5252525252525255,1.0,0.0036240000000000005,1.0755000000000001,0.6384778012684991,0.06521739130434782,0.07019990701999071,0.12373737373737376
frozenset({'Soraka'}),frozenset({'Jinx'}),0.026,0.092,0.006,0.23076923076923078,2.508361204013378,1.0,0.003608,1.1804000000000001,0.6173853524982889,0.053571428571428575,0.15282954930532025,0.1479933110367893
frozenset({'Velkoz'}),frozenset({'Jhin'}),0.03,0.08,0.006,0.2,2.5,1.0,0.0036000000000000003,1.15,0.618556701030928,0.057692307692307696,0.13043478260869565,0.1375
frozenset({'Malzahar'}),frozenset({'Kayn'}),0.052,0.062,0.008,0.15384615384615385,2.481389578163772,1.0,0.004776000000000001,1.1085454545454545,0.6297468354430381,0.07547169811320756,0.09791700836476958,0.141439205955335
frozenset({'Malzahar'}),frozenset({'Warwick'}),0.052,0.062,0.008,0.15384615384615385,2.481389578163772,1.0,0.004776000000000001,1.1085454545454545,0.6297468354430381,0.07547169811320756,0.09791700836476958,0.141439205955335
frozenset({'Kayn'}),frozenset({'Malzahar'}),0.062,0.052,0.008,0.12903225806451613,2.4813895781637716,1.0,0.004776000000000001,1.0884444444444443,0.6364605543710022,0.07547169811320756,0.08125765618619846,0.141439205955335
frozenset({'Warwick'}),frozenset({'Malzahar'}),0.062,0.052,0.008,0.12903225806451613,2.4813895781637716,1.0,0.004776000000000001,1.0884444444444443,0.6364605543710022,0.07547169811320756,0.08125765618619846,0.141439205955335
frozenset({'Pyke'}),frozenset({'Teemo'}),0.038,0.064,0.006,0.15789473684210528,2.467105263157895,1.0,0.003568,1.1115,0.6181566181566182,0.0625,0.10031488978857403,0.12582236842105265
frozenset({'Leona'}),frozenset({'Garen'}),0.032,0.076,0.006,0.1875,2.4671052631578947,1.0,0.003568,1.1372307692307693,0.6143250688705234,0.05882352941176471,0.12067099567099566,0.13322368421052633
frozenset({'Syndra'}),frozenset({'Caitlyn'}),0.024,0.102,0.006,0.25,2.450980392156863,1.0,0.003552,1.1973333333333334,0.6065573770491803,0.05,0.1648106904231626,0.15441176470588236
frozenset({'Teemo'}),frozenset({'Ashe'}),0.064,0.064,0.01,0.15625,2.44140625,1.0,0.005904,1.1093333333333333,0.6307692307692307,0.0847457627118644,0.09855769230769232,0.15625
frozenset({'Ashe'}),frozenset({'Teemo'}),0.064,0.064,0.01,0.15625,2.44140625,1.0,0.005904,1.1093333333333333,0.6307692307692307,0.0847457627118644,0.09855769230769232,0.15625
frozenset({'MasterYi'}),frozenset({'Garen'}),0.054,0.076,0.01,0.1851851851851852,2.436647173489279,1.0,0.005896,1.1340000000000001,0.6232558139534884,0.08333333333333333,0.11816578483245152,0.15838206627680312
frozenset({'Garen'}),frozenset({'MasterYi'}),0.076,0.054,0.01,0.13157894736842105,2.4366471734892787,1.0,0.005896,1.0893333333333333,0.6380952380952382,0.08333333333333333,0.08200734394124848,0.15838206627680312
frozenset({'Ekko'}),frozenset({'Mordekaiser'}),0.046,0.054,0.006,0.13043478260869565,2.4154589371980677,1.0,0.003516,1.0878999999999999,0.6142557651991615,0.06382978723404255,0.0807978674510525,0.12077294685990339
frozenset({'Mordekaiser'}),frozenset({'Ekko'}),0.054,0.046,0.006,0.11111111111111112,2.4154589371980677,1.0,0.003516,1.07325,0.6194503171247357,0.06382978723404255,0.06825064057768461,0.12077294685990339
frozenset({'Malzahar'}),frozenset({'Ashe'}),0.052,0.064,0.008,0.15384615384615385,2.4038461538461537,1.0,0.004672000000000001,1.1061818181818182,0.6160337552742617,0.07407407407407408,0.09598948060486523,0.13942307692307693
frozenset({'Ashe'}),frozenset({'Malzahar'}),0.064,0.052,0.008,0.125,2.4038461538461537,1.0,0.004672000000000001,1.0834285714285714,0.623931623931624,0.07407407407407408,0.07700421940928272,0.13942307692307693
frozenset({'Briar'}),frozenset({'Tristana'}),0.042,0.06,0.006,0.14285714285714285,2.380952380952381,1.0,0.00348,1.0966666666666665,0.605427974947808,0.0625,0.08814589665653495,0.12142857142857143
frozenset({'Tristana'}),frozenset({'Briar'}),0.06,0.042,0.006,0.1,2.380952380952381,1.0,0.00348,1.0644444444444443,0.6170212765957447,0.0625,0.0605427974947808,0.12142857142857143
frozenset({'Swain'}),frozenset({'Jinx'}),0.046,0.092,0.01,0.2173913043478261,2.362948960302458,1.0,0.0057680000000000006,1.1602222222222223,0.6046121593291405,0.078125,0.13809615016280408,0.16304347826086957
frozenset({'Jinx'}),frozenset({'Swain'}),0.092,0.046,0.01,0.10869565217391305,2.362948960302458,1.0,0.0057680000000000006,1.0703414634146342,0.6352422907488986,0.078125,0.06571871297055876,0.16304347826086957
frozenset({'Viktor'}),frozenset({'Jhin'}),0.032,0.08,0.006,0.1875,2.34375,1.0,0.00344,1.1323076923076925,0.5922865013774105,0.05660377358490566,0.11684782608695651,0.13125
frozenset({'Sion'}),frozenset({'Ashe'}),0.04,0.064,0.006,0.15,2.34375,1.0,0.00344,1.1011764705882352,0.5972222222222222,0.061224489795918366,0.09188034188034187,0.121875
frozenset({'Nunu'}),frozenset({'Mel'}),0.04,0.064,0.006,0.15,2.34375,1.0,0.00344,1.1011764705882352,0.5972222222222222,0.061224489795918366,0.09188034188034187,0.121875
frozenset({'Sion'}),frozenset({'Mel'}),0.04,0.064,0.006,0.15,2.34375,1.0,0.00344,1.1011764705882352,0.5972222222222222,0.061224489795918366,0.09188034188034187,0.121875
frozenset({'Yone'}),frozenset({'MissFortune'}),0.044,0.098,0.01,0.2272727272727273,2.319109461966605,1.0,0.005688,1.1672941176470588,0.5949790794979081,0.07575757575757576,0.14331787945978636,0.16465677179962895
frozenset({'MissFortune'}),frozenset({'Yone'}),0.098,0.044,0.01,0.10204081632653061,2.319109461966605,1.0,0.005688,1.0646363636363636,0.6305986696230599,0.07575757575757576,0.06071215096917429,0.16465677179962895
frozenset({'Gangplank'}),frozenset({'Lux'}),0.02,0.13,0.006,0.3,2.3076923076923075,1.0,0.0034,1.2428571428571429,0.5782312925170068,0.04166666666666667,0.1954022988505747,0.17307692307692307
frozenset({'Talon'}),frozenset({'Lux'}),0.02,0.13,0.006,0.3,2.3076923076923075,1.0,0.0034,1.2428571428571429,0.5782312925170068,0.04166666666666667,0.1954022988505747,0.17307692307692307
frozenset({'Udyr'}),frozenset({'Lux'}),0.02,0.13,0.006,0.3,2.3076923076923075,1.0,0.0034,1.2428571428571429,0.5782312925170068,0.04166666666666667,0.1954022988505747,0.17307692307692307
frozenset({'Tryndamere'}),frozenset({'Caitlyn'}),0.034,0.102,0.008,0.23529411764705882,2.306805074971165,1.0,0.004532,1.1743076923076925,0.5864389233954451,0.0625,0.14843442945106775,0.1568627450980392
frozenset({'Sivir'}),frozenset({'Darius'}),0.03,0.116,0.008,0.26666666666666666,2.2988505747126435,1.0,0.00452,1.2054545454545453,0.5824742268041238,0.05797101449275362,0.17043740573152338,0.16781609195402297
frozenset({'Pantheon'}),frozenset({'Caitlyn'}),0.06,0.102,0.014,0.23333333333333334,2.2875816993464055,1.0,0.007880000000000002,1.1713043478260872,0.5987841945288755,0.09459459459459461,0.14625092798812178,0.18529411764705883
frozenset({'Caitlyn'}),frozenset({'Pantheon'}),0.102,0.06,0.014,0.13725490196078433,2.2875816993464055,1.0,0.007880000000000002,1.0895454545454544,0.6267896913776648,0.09459459459459461,0.08218606591572801,0.18529411764705883
frozenset({'Yone'}),frozenset({'Jhin'}),0.044,0.08,0.008,0.18181818181818182,2.272727272727273,1.0,0.0044800000000000005,1.1244444444444446,0.5857740585774059,0.06896551724137932,0.11067193675889328,0.14090909090909093
frozenset({'Yone'}),frozenset({'Pantheon'}),0.044,0.06,0.006,0.13636363636363638,2.272727272727273,1.0,0.0033600000000000006,1.088421052631579,0.5857740585774059,0.06122448979591837,0.08123791102514509,0.1181818181818182
frozenset({'Jhin'}),frozenset({'Yone'}),0.08,0.044,0.008,0.1,2.272727272727273,1.0,0.0044800000000000005,1.0622222222222222,0.6086956521739131,0.06896551724137932,0.0585774058577406,0.14090909090909093
frozenset({'Pantheon'}),frozenset({'Yone'}),0.06,0.044,0.006,0.1,2.272727272727273,1.0,0.0033600000000000006,1.0622222222222222,0.5957446808510639,0.06122448979591837,0.0585774058577406,0.1181818181818182
frozenset({'Morgana'}),frozenset({'Ezreal'}),0.04,0.066,0.006,0.15,2.2727272727272725,1.0,0.00336,1.0988235294117648,0.5833333333333334,0.06,0.08993576017130621,0.12045454545454545
frozenset({'Mel'}),frozenset({'Amumu'}),0.064,0.056,0.008,0.125,2.232142857142857,1.0,0.004416,1.0788571428571427,0.5897435897435898,0.07142857142857144,0.07309322033898306,0.13392857142857142
frozenset({'Amumu'}),frozenset({'Mel'}),0.056,0.064,0.008,0.14285714285714285,2.2321428571428568,1.0,0.004416,1.0919999999999999,0.5847457627118644,0.07142857142857144,0.08424908424908424,0.13392857142857142
frozenset({'Varus'}),frozenset({'Teemo'}),0.042,0.064,0.006,0.14285714285714285,2.2321428571428568,1.0,0.003312,1.0919999999999999,0.5762004175365345,0.06,0.08424908424908424,0.11830357142857142
frozenset({'Yone'}),frozenset({'Kayn'}),0.044,0.062,0.006,0.13636363636363638,2.1994134897360706,1.0,0.003272,1.0861052631578947,0.5704323570432358,0.060000000000000005,0.0792789300251987,0.11656891495601174
frozenset({'Twitch'}),frozenset({'Garen'}),0.036,0.076,0.006,0.16666666666666669,2.192982456140351,1.0,0.0032640000000000004,1.1088000000000002,0.5643153526970955,0.05660377358490567,0.09812409812409814,0.12280701754385967
frozenset({'Neeko'}),frozenset({'Darius'}),0.024,0.116,0.006,0.25,2.155172413793103,1.0,0.003216,1.1786666666666668,0.5491803278688525,0.04477611940298507,0.15158371040723984,0.15086206896551724
frozenset({'Nocturne'}),frozenset({'Ashe'}),0.044,0.064,0.006,0.13636363636363638,2.1306818181818183,1.0,0.003184,1.0837894736842104,0.5550906555090656,0.05882352941176471,0.07731157731157734,0.11505681818181819
frozenset({'Kayle'}),frozenset({'MissFortune'}),0.048,0.098,0.01,0.20833333333333334,2.1258503401360542,1.0,0.005296,1.1393684210526316,0.5563025210084035,0.07352941176470588,0.12232076866223209,0.155187074829932
frozenset({'Veigar'}),frozenset({'MissFortune'}),0.048,0.098,0.01,0.20833333333333334,2.1258503401360542,1.0,0.005296,1.1393684210526316,0.5563025210084035,0.07352941176470588,0.12232076866223209,0.155187074829932
frozenset({'MissFortune'}),frozenset({'Kayle'}),0.098,0.048,0.01,0.10204081632653061,2.1258503401360542,1.0,0.005296,1.0601818181818181,0.587139689578714,0.07352941176470588,0.05676556336820443,0.155187074829932
frozenset({'MissFortune'}),frozenset({'Veigar'}),0.098,0.048,0.01,0.10204081632653061,2.1258503401360542,1.0,0.005296,1.0601818181818181,0.587139689578714,0.07352941176470588,0.05676556336820443,0.155187074829932
frozenset({'Shen'}),frozenset({'Kayn'}),0.046,0.062,0.006,0.13043478260869565,2.1037868162692845,1.0,0.003148,1.0787,0.5499650593990217,0.05882352941176471,0.07295819041438768,0.11360448807854137
frozenset({'Ivern'}),frozenset({'Caitlyn'}),0.028,0.102,0.006,0.21428571428571427,2.100840336134454,1.0,0.003144,1.1429090909090909,0.5390946502057613,0.04838709677419355,0.12503977091950366,0.13655462184873948
frozenset({'Diana'}),frozenset({'Ezreal'}),0.058,0.066,0.008,0.13793103448275862,2.089864158829676,1.0,0.004172,1.08344,0.5536093418259024,0.06896551724137932,0.0770139555489921,0.12957157784743992
frozenset({'Ezreal'}),frozenset({'Diana'}),0.066,0.058,0.008,0.12121212121212122,2.089864158829676,1.0,0.004172,1.0719310344827586,0.5583511777301928,0.06896551724137932,0.06710416264556393,0.12957157784743992
frozenset({'Pantheon'}),frozenset({'Teemo'}),0.06,0.064,0.008,0.13333333333333333,2.0833333333333335,1.0,0.0041600000000000005,1.0799999999999998,0.5531914893617023,0.06896551724137932,0.07407407407407407,0.12916666666666665
frozenset({'Kayle'}),frozenset({'Tristana'}),0.048,0.06,0.006,0.125,2.0833333333333335,1.0,0.0031200000000000004,1.0742857142857143,0.546218487394958,0.05882352941176471,0.06914893617021277,0.1125
frozenset({'Teemo'}),frozenset({'Pantheon'}),0.064,0.06,0.008,0.125,2.0833333333333335,1.0,0.0041600000000000005,1.0742857142857143,0.5555555555555556,0.06896551724137932,0.06914893617021277,0.12916666666666665
frozenset({'Jhin'}),frozenset({'Zyra'}),0.08,0.048,0.008,0.1,2.0833333333333335,1.0,0.0041600000000000005,1.0577777777777777,0.5652173913043479,0.06666666666666667,0.054621848739495805,0.13333333333333333
frozenset({'Tristana'}),frozenset({'Kayle'}),0.06,0.048,0.006,0.1,2.0833333333333335,1.0,0.0031200000000000004,1.0577777777777777,0.5531914893617021,0.05882352941176471,0.054621848739495805,0.1125
frozenset({'Zyra'}),frozenset({'Jhin'}),0.048,0.08,0.008,0.16666666666666666,2.083333333333333,1.0,0.0041600000000000005,1.104,0.546218487394958,0.06666666666666667,0.09420289855072463,0.13333333333333333
frozenset({'Ahri'}),frozenset({'Jinx'}),0.042,0.092,0.008,0.19047619047619047,2.070393374741201,1.0,0.004136,1.1216470588235294,0.5396659707724426,0.06349206349206349,0.10845395426893223,0.13871635610766045
frozenset({'Yorick'}),frozenset({'MissFortune'}),0.04,0.098,0.008,0.2,2.0408163265306123,1.0,0.00408,1.1275,0.53125,0.061538461538461535,0.1130820399113082,0.14081632653061224
frozenset({'Leona'}),frozenset({'Jinx'}),0.032,0.092,0.006,0.1875,2.0380434782608696,1.0,0.003056,1.1175384615384616,0.5261707988980716,0.05084745762711865,0.10517621145374449,0.12635869565217392
frozenset({'Garen'}),frozenset({'Malzahar'}),0.076,0.052,0.008,0.10526315789473685,2.024291497975709,1.0,0.004048,1.0595294117647058,0.5476190476190477,0.06666666666666667,0.056184765711747735,0.12955465587044535
frozenset({'Malzahar'}),frozenset({'Garen'}),0.052,0.076,0.008,0.15384615384615385,2.0242914979757085,1.0,0.004048,1.092,0.5337552742616034,0.06666666666666667,0.08424908424908426,0.12955465587044535
frozenset({'Warwick'}),frozenset({'Mel'}),0.062,0.064,0.008,0.12903225806451613,2.0161290322580645,1.0,0.004032,1.0746666666666667,0.5373134328358209,0.06779661016949153,0.06947890818858561,0.12701612903225806
frozenset({'Mel'}),frozenset({'Warwick'}),0.064,0.062,0.008,0.125,2.0161290322580645,1.0,0.004032,1.0719999999999998,0.5384615384615384,0.06779661016949153,0.06716417910447761,0.12701612903225806
frozenset({'Smolder'}),frozenset({'Darius'}),0.026,0.116,0.006,0.23076923076923078,1.9893899204244032,1.0,0.002984,1.1492000000000002,0.5106091718001369,0.044117647058823525,0.12982944657152803,0.14124668435013263
frozenset({'Ekko'}),frozenset({'Ezreal'}),0.046,0.066,0.006,0.13043478260869565,1.976284584980237,1.0,0.002964,1.0741,0.5178197064989518,0.05660377358490566,0.06898798994507029,0.11067193675889328
frozenset({'Shen'}),frozenset({'Ezreal'}),0.046,0.066,0.006,0.13043478260869565,1.976284584980237,1.0,0.002964,1.0741,0.5178197064989518,0.05660377358490566,0.06898798994507029,0.11067193675889328
frozenset({'Jax'}),frozenset({'Jhin'}),0.038,0.08,0.006,0.15789473684210528,1.973684210526316,1.0,0.00296,1.0925,0.5128205128205128,0.053571428571428575,0.08466819221967965,0.11644736842105263
frozenset({'Leblanc'}),frozenset({'Caitlyn'}),0.03,0.102,0.006,0.2,1.9607843137254903,1.0,0.0029400000000000003,1.1225,0.5051546391752578,0.047619047619047616,0.10913140311804011,0.12941176470588237
frozenset({'Nunu'}),frozenset({'Caitlyn'}),0.04,0.102,0.008,0.2,1.9607843137254903,1.0,0.003920000000000001,1.1225,0.5104166666666667,0.059701492537313446,0.10913140311804011,0.1392156862745098
frozenset({'Ezreal'}),frozenset({'Warwick'}),0.066,0.062,0.008,0.12121212121212122,1.9550342130987293,1.0,0.003908,1.0673793103448275,0.5230192719486082,0.06666666666666667,0.06312592879757059,0.12512218963831867
frozenset({'Warwick'}),frozenset({'Ezreal'}),0.062,0.066,0.008,0.12903225806451613,1.955034213098729,1.0,0.003908,1.0723703703703702,0.5207889125799574,0.06666666666666667,0.06748635767078814,0.12512218963831867
frozenset({'Zyra'}),frozenset({'Ashe'}),0.048,0.064,0.006,0.125,1.953125,1.0,0.002928,1.0697142857142856,0.5126050420168067,0.05660377358490566,0.06517094017094018,0.109375
frozenset({'Jhin'}),frozenset({'Sett'}),0.08,0.052,0.008,0.1,1.9230769230769234,1.0,0.0038400000000000005,1.0533333333333332,0.5217391304347827,0.06451612903225806,0.050632911392405076,0.12692307692307692
frozenset({'Sett'}),frozenset({'Jhin'}),0.052,0.08,0.008,0.15384615384615385,1.9230769230769231,1.0,0.0038400000000000005,1.0872727272727274,0.5063291139240508,0.06451612903225806,0.0802675585284281,0.12692307692307692
frozenset({'Irelia'}),frozenset({'Lux'}),0.024,0.13,0.006,0.25,1.923076923076923,1.0,0.0028799999999999997,1.16,0.4918032786885245,0.04054054054054054,0.13793103448275862,0.14807692307692308
frozenset({'Poppy'}),frozenset({'Lux'}),0.024,0.13,0.006,0.25,1.923076923076923,1.0,0.0028799999999999997,1.16,0.4918032786885245,0.04054054054054054,0.13793103448275862,0.14807692307692308
frozenset({'Chogath'}),frozenset({'Jinx'}),0.034,0.092,0.006,0.1764705882352941,1.918158567774936,1.0,0.002872,1.1025714285714288,0.49551414768806074,0.05,0.09302928219746047,0.12084398976982097
frozenset({'Lulu'}),frozenset({'Jinx'}),0.034,0.092,0.006,0.1764705882352941,1.918158567774936,1.0,0.002872,1.1025714285714288,0.49551414768806074,0.05,0.09302928219746047,0.12084398976982097
frozenset({'Thresh'}),frozenset({'MissFortune'}),0.032,0.098,0.006,0.1875,1.913265306122449,1.0,0.002864,1.1101538461538463,0.4931129476584022,0.04838709677419355,0.09922394678492238,0.12436224489795919
frozenset({'Urgot'}),frozenset({'MissFortune'}),0.032,0.098,0.006,0.1875,1.913265306122449,1.0,0.002864,1.1101538461538463,0.4931129476584022,0.04838709677419355,0.09922394678492238,0.12436224489795919
frozenset({'Briar'}),frozenset({'Garen'}),0.042,0.076,0.006,0.14285714285714285,1.8796992481203008,1.0,0.002808,1.078,0.488517745302714,0.053571428571428575,0.07235621521335805,0.11090225563909775
frozenset({'Nocturne'}),frozenset({'MissFortune'}),0.044,0.098,0.008,0.18181818181818182,1.8552875695732838,1.0,0.0036880000000000003,1.1024444444444446,0.4822175732217574,0.05970149253731343,0.09292481354565611,0.13172541743970315
frozenset({'MasterYi'}),frozenset({'Tristana'}),0.054,0.06,0.006,0.11111111111111112,1.851851851851852,1.0,0.0027600000000000003,1.0575,0.4862579281183933,0.055555555555555566,0.05437352245862886,0.10555555555555557
frozenset({'Tristana'}),frozenset({'MasterYi'}),0.06,0.054,0.006,0.1,1.851851851851852,1.0,0.0027600000000000003,1.051111111111111,0.4893617021276596,0.055555555555555566,0.04862579281183933,0.10555555555555557
frozenset({'Akali'}),frozenset({'Caitlyn'}),0.032,0.102,0.006,0.1875,1.8382352941176472,1.0,0.002736,1.1052307692307692,0.4710743801652893,0.046875,0.09521158129175947,0.12316176470588236
frozenset({'Viktor'}),frozenset({'Caitlyn'}),0.032,0.102,0.006,0.1875,1.8382352941176472,1.0,0.002736,1.1052307692307692,0.4710743801652893,0.046875,0.09521158129175947,0.12316176470588236
frozenset({'Briar'}),frozenset({'Lux'}),0.042,0.13,0.01,0.23809523809523808,1.8315018315018314,1.0,0.00454,1.141875,0.47390396659707723,0.06172839506172839,0.12424740010946905,0.1575091575091575
frozenset({'Amumu'}),frozenset({'Yasuo'}),0.056,0.078,0.008,0.14285714285714285,1.8315018315018314,1.0,0.003632,1.0756666666666665,0.4809322033898305,0.06349206349206349,0.07034397273008985,0.1227106227106227
frozenset({'Briar'}),frozenset({'Yasuo'}),0.042,0.078,0.006,0.14285714285714285,1.8315018315018314,1.0,0.002724,1.0756666666666665,0.47390396659707723,0.052631578947368425,0.07034397273008985,0.10989010989010989
frozenset({'Yasuo'}),frozenset({'Amumu'}),0.078,0.056,0.008,0.10256410256410256,1.8315018315018314,1.0,0.003632,1.051885714285714,0.492407809110629,0.06349206349206349,0.04932637983485441,0.1227106227106227
frozenset({'Ezreal'}),frozenset({'Darius'}),0.066,0.116,0.014,0.21212121212121213,1.8286311389759666,1.0,0.006344,1.122,0.4851636586111961,0.08333333333333334,0.10873440285204991,0.16640543364681296
frozenset({'Darius'}),frozenset({'Ezreal'}),0.116,0.066,0.014,0.12068965517241378,1.8286311389759664,1.0,0.006344,1.0621960784313724,0.5126050420168067,0.08333333333333334,0.058554234659971935,0.16640543364681296
frozenset({'Mordekaiser'}),frozenset({'Caitlyn'}),0.054,0.102,0.01,0.1851851851851852,1.815541031227306,1.0,0.004492,1.1020909090909092,0.4748414376321354,0.06849315068493152,0.09263383650911493,0.14161220043572986
frozenset({'Kaisa'}),frozenset({'Darius'}),0.038,0.116,0.008,0.2105263157894737,1.8148820326678767,1.0,0.0035919999999999997,1.1197333333333332,0.46673596673596673,0.05479452054794521,0.10693022148130508,0.1397459165154265
frozenset({'Karma'}),frozenset({'Jinx'}),0.036,0.092,0.006,0.16666666666666669,1.811594202898551,1.0,0.0026880000000000003,1.0896000000000001,0.4647302904564316,0.04918032786885246,0.08223201174743026,0.11594202898550726
frozenset({'Pantheon'}),frozenset({'Jinx'}),0.06,0.092,0.01,0.16666666666666669,1.811594202898551,1.0,0.0044800000000000005,1.0896000000000001,0.4765957446808511,0.07042253521126761,0.08223201174743026,0.13768115942028986
frozenset({'Jinx'}),frozenset({'Pantheon'}),0.092,0.06,0.01,0.10869565217391305,1.811594202898551,1.0,0.0044800000000000005,1.0546341463414635,0.4933920704845815,0.07042253521126761,0.05180388529139687,0.13768115942028986
frozenset({'Veigar'}),frozenset({'Jinx'}),0.048,0.092,0.008,0.16666666666666666,1.8115942028985506,1.0,0.0035840000000000004,1.0896,0.47058823529411775,0.06060606060606061,0.08223201174743024,0.12681159420289856
frozenset({'Malzahar'}),frozenset({'Teemo'}),0.052,0.064,0.006,0.11538461538461539,1.8028846153846154,1.0,0.0026720000000000003,1.058086956521739,0.4697609001406471,0.05454545454545455,0.05489809335963183,0.1045673076923077
frozenset({'Volibear'}),frozenset({'Caitlyn'}),0.044,0.102,0.008,0.18181818181818182,1.7825311942959003,1.0,0.0035120000000000004,1.0975555555555556,0.4592050209205022,0.05797101449275363,0.08888438955254101,0.13012477718360071
frozenset({'Smolder'}),frozenset({'Lux'}),0.026,0.13,0.006,0.23076923076923078,1.7751479289940828,1.0,0.0026200000000000004,1.131,0.4483230663928816,0.04,0.1158267020335986,0.13846153846153847
frozenset({'MissFortune'}),frozenset({'Diana'}),0.098,0.058,0.01,0.10204081632653061,1.7593244194229416,1.0,0.0043159999999999995,1.0490454545454544,0.47849223946784913,0.06849315068493152,0.046752458945361584,0.13722730471498945
frozenset({'Diana'}),frozenset({'MissFortune'}),0.058,0.098,0.01,0.17241379310344826,1.7593244194229414,1.0,0.0043159999999999995,1.0899166666666666,0.4581740976645435,0.06849315068493152,0.08249866197721537,0.13722730471498945
frozenset({'Tristana'}),frozenset({'Garen'}),0.06,0.076,0.008,0.13333333333333333,1.7543859649122808,1.0,0.0034400000000000003,1.0661538461538462,0.45744680851063835,0.0625,0.06204906204906205,0.1192982456140351
frozenset({'Garen'}),frozenset({'Tristana'}),0.076,0.06,0.008,0.10526315789473685,1.7543859649122808,1.0,0.0034400000000000003,1.0505882352941176,0.46536796536796543,0.0625,0.04815229563269878,0.1192982456140351
frozenset({'Mordekaiser'}),frozenset({'Ashe'}),0.054,0.064,0.006,0.11111111111111112,1.7361111111111112,1.0,0.0025440000000000003,1.053,0.4482029598308669,0.053571428571428575,0.05033238366571701,0.10243055555555555
frozenset({'Chogath'}),frozenset({'Caitlyn'}),0.034,0.102,0.006,0.1764705882352941,1.7301038062283736,1.0,0.002532,1.0904285714285715,0.43685300207039335,0.046153846153846156,0.08292938556268832,0.11764705882352941
frozenset({'Seraphine'}),frozenset({'Caitlyn'}),0.034,0.102,0.006,0.1764705882352941,1.7301038062283736,1.0,0.002532,1.0904285714285715,0.43685300207039335,0.046153846153846156,0.08292938556268832,0.11764705882352941
frozenset({'Tristana'}),frozenset({'Darius'}),0.06,0.116,0.012,0.2,1.7241379310344829,1.0,0.00504,1.105,0.4468085106382979,0.07317073170731708,0.09502262443438915,0.15172413793103448
frozenset({'Darius'}),frozenset({'Tristana'}),0.116,0.06,0.012,0.10344827586206896,1.7241379310344829,1.0,0.00504,1.0484615384615383,0.4751131221719457,0.07317073170731708,0.046221570066030816,0.15172413793103448
frozenset({'Swain'}),frozenset({'Garen'}),0.046,0.076,0.006,0.13043478260869565,1.7162471395881007,1.0,0.002504,1.0626,0.4374563242487771,0.05172413793103449,0.058912102390363257,0.10469107551487414
frozenset({'Volibear'}),frozenset({'Jhin'}),0.044,0.08,0.006,0.13636363636363638,1.7045454545454548,1.0,0.0024800000000000004,1.065263157894737,0.4323570432357044,0.05084745762711865,0.061264822134387366,0.10568181818181818
frozenset({'Nautilus'}),frozenset({'MissFortune'}),0.036,0.098,0.006,0.16666666666666669,1.7006802721088436,1.0,0.0024720000000000002,1.0824,0.4273858921161826,0.046875,0.07612712490761273,0.11394557823129253
frozenset({'Nami'}),frozenset({'MissFortune'}),0.048,0.098,0.008,0.16666666666666666,1.7006802721088434,1.0,0.0032960000000000003,1.0824,0.43277310924369755,0.05797101449275362,0.0761271249076127,0.12414965986394558
frozenset({'Shen'}),frozenset({'Lux'}),0.046,0.13,0.01,0.2173913043478261,1.6722408026755855,1.0,0.00402,1.1116666666666668,0.42138364779874216,0.06024096385542169,0.1004497751124438,0.14715719063545152
frozenset({'Shen'}),frozenset({'Yasuo'}),0.046,0.078,0.006,0.13043478260869565,1.6722408026755853,1.0,0.002412,1.0603,0.42138364779874216,0.05084745762711865,0.05687069697255493,0.10367892976588629
frozenset({'Ornn'}),frozenset({'Lux'}),0.028,0.13,0.006,0.21428571428571427,1.6483516483516483,1.0,0.00236,1.1072727272727272,0.4046639231824417,0.03947368421052632,0.09688013136288996,0.1302197802197802
frozenset({'Mel'}),frozenset({'Garen'}),0.064,0.076,0.008,0.125,1.6447368421052633,1.0,0.003136,1.056,0.4188034188034188,0.06060606060606061,0.05303030303030303,0.11513157894736842
frozenset({'Garen'}),frozenset({'Mel'}),0.076,0.064,0.008,0.10526315789473685,1.6447368421052633,1.0,0.003136,1.0461176470588234,0.4242424242424242,0.06060606060606061,0.04408457040035988,0.11513157894736842
frozenset({'Ahri'}),frozenset({'Darius'}),0.042,0.116,0.008,0.19047619047619047,1.6420361247947453,1.0,0.0031279999999999997,1.092,0.40814196242171186,0.05333333333333334,0.08424908424908423,0.1297208538587849
frozenset({'Karma'}),frozenset({'Caitlyn'}),0.036,0.102,0.006,0.16666666666666669,1.6339869281045754,1.0,0.0023280000000000006,1.0776000000000001,0.4024896265560167,0.04545454545454546,0.07201187824795845,0.1127450980392157
frozenset({'Viego'}),frozenset({'Caitlyn'}),0.06,0.102,0.01,0.16666666666666669,1.6339869281045754,1.0,0.0038800000000000006,1.0776000000000001,0.41276595744680855,0.06578947368421054,0.07201187824795845,0.13235294117647062
frozenset({'Ezreal'}),frozenset({'Lux'}),0.066,0.13,0.014,0.21212121212121213,1.6317016317016317,1.0,0.0054199999999999995,1.1042307692307693,0.4144998470480269,0.07692307692307693,0.0943921978404737,0.1599067599067599
frozenset({'Lux'}),frozenset({'Ezreal'}),0.13,0.066,0.014,0.10769230769230768,1.6317016317016315,1.0,0.0054199999999999995,1.0467241379310344,0.444991789819376,0.07692307692307693,0.04463844506671058,0.1599067599067599
frozenset({'Diana'}),frozenset({'Ashe'}),0.058,0.064,0.006,0.10344827586206896,1.6163793103448276,1.0,0.0022879999999999997,1.0439999999999998,0.4048124557678697,0.05172413793103449,0.0421455938697318,0.09859913793103448
frozenset({'Tristana'}),frozenset({'Kayn'}),0.06,0.062,0.006,0.1,1.6129032258064517,1.0,0.0022800000000000003,1.0422222222222222,0.40425531914893625,0.05172413793103449,0.040511727078891266,0.09838709677419355
frozenset({'Pantheon'}),frozenset({'Warwick'}),0.06,0.062,0.006,0.1,1.6129032258064517,1.0,0.0022800000000000003,1.0422222222222222,0.40425531914893625,0.05172413793103449,0.040511727078891266,0.09838709677419355
frozenset({'Garen'}),frozenset({'MissFortune'}),0.076,0.098,0.012,0.15789473684210528,1.611170784103115,1.0,0.0045520000000000005,1.071125,0.41053391053391053,0.07407407407407408,0.06640214727506129,0.140171858216971
frozenset({'MissFortune'}),frozenset({'Garen'}),0.098,0.076,0.012,0.12244897959183673,1.6111707841031149,1.0,0.0045520000000000005,1.0529302325581396,0.42054693274205474,0.07407407407407408,0.050269458432723735,0.140171858216971
frozenset({'Kayn'}),frozenset({'Caitlyn'}),0.062,0.102,0.01,0.16129032258064516,1.5812776723592663,1.0,0.0036760000000000004,1.0706923076923076,0.3918976545842218,0.06493506493506494,0.06602485810762268,0.12966476913345984
frozenset({'Warwick'}),frozenset({'Caitlyn'}),0.062,0.102,0.01,0.16129032258064516,1.5812776723592663,1.0,0.0036760000000000004,1.0706923076923076,0.3918976545842218,0.06493506493506494,0.06602485810762268,0.12966476913345984
frozenset({'Sett'}),frozenset({'MissFortune'}),0.052,0.098,0.008,0.15384615384615385,1.5698587127158556,1.0,0.0029040000000000003,1.066,0.38291139240506333,0.05633802816901409,0.06191369606003753,0.11773940345368916
frozenset({'Nami'}),frozenset({'Jhin'}),0.048,0.08,0.006,0.125,1.5625,1.0,0.00216,1.0514285714285714,0.37815126050420167,0.04918032786885246,0.048913043478260865,0.1
frozenset({'Teemo'}),frozenset({'Jhin'}),0.064,0.08,0.008,0.125,1.5625,1.0,0.0028799999999999997,1.0514285714285714,0.3846153846153846,0.058823529411764705,0.048913043478260865,0.1125
frozenset({'Viego'}),frozenset({'Ashe'}),0.06,0.064,0.006,0.1,1.5625,1.0,0.00216,1.0399999999999998,0.3829787234042553,0.05084745762711865,0.03846153846153847,0.096875
frozenset({'Jhin'}),frozenset({'Teemo'}),0.08,0.064,0.008,0.1,1.5625,1.0,0.0028799999999999997,1.0399999999999998,0.3913043478260869,0.058823529411764705,0.03846153846153847,0.1125
frozenset({'Pantheon'}),frozenset({'Mel'}),0.06,0.064,0.006,0.1,1.5625,1.0,0.00216,1.0399999999999998,0.3829787234042553,0.05084745762711865,0.03846153846153847,0.096875
frozenset({'Ezreal'}),frozenset({'Yasuo'}),0.066,0.078,0.008,0.12121212121212122,1.5540015540015542,1.0,0.0028519999999999995,1.0491724137931036,0.38169164882226975,0.058823529411764705,0.04686781042529416,0.11188811188811189
frozenset({'Yasuo'}),frozenset({'Ezreal'}),0.078,0.066,0.008,0.10256410256410256,1.554001554001554,1.0,0.0028519999999999995,1.040742857142857,0.3866594360086767,0.058823529411764705,0.03914786141766869,0.11188811188811189
frozenset({'Briar'}),frozenset({'Jinx'}),0.042,0.092,0.006,0.14285714285714285,1.5527950310559007,1.0,0.002136,1.0593333333333332,0.37160751565762007,0.046875,0.05601006922592825,0.10403726708074534
frozenset({'Sivir'}),frozenset({'Lux'}),0.03,0.13,0.006,0.2,1.5384615384615385,1.0,0.0021000000000000003,1.0875,0.3608247422680413,0.03896103896103896,0.08045977011494254,0.12307692307692308
frozenset({'Yorick'}),frozenset({'Lux'}),0.04,0.13,0.008,0.2,1.5384615384615385,1.0,0.0027999999999999995,1.0875,0.36458333333333326,0.04938271604938271,0.08045977011494254,0.13076923076923078
frozenset({'Morgana'}),frozenset({'MissFortune'}),0.04,0.098,0.006,0.15,1.530612244897959,1.0,0.0020800000000000003,1.0611764705882354,0.36111111111111116,0.045454545454545456,0.05764966740576496,0.10561224489795917
frozenset({'Nunu'}),frozenset({'MissFortune'}),0.04,0.098,0.006,0.15,1.530612244897959,1.0,0.0020800000000000003,1.0611764705882354,0.36111111111111116,0.045454545454545456,0.05764966740576496,0.10561224489795917
frozenset({'Mordekaiser'}),frozenset({'MissFortune'}),0.054,0.098,0.008,0.14814814814814814,1.511715797430083,1.0,0.0027080000000000003,1.0588695652173914,0.3578224101479916,0.05555555555555556,0.055596616572226316,0.1148904006046863
frozenset({'Darius'}),frozenset({'Jhin'}),0.116,0.08,0.014,0.12068965517241378,1.5086206896551724,1.0,0.00472,1.0462745098039217,0.3813833225597932,0.07692307692307693,0.0442278860569715,0.14784482758620687
frozenset({'Jhin'}),frozenset({'Darius'}),0.08,0.116,0.014,0.175,1.5086206896551722,1.0,0.00472,1.0715151515151515,0.3664596273291925,0.07692307692307693,0.06674208144796379,0.14784482758620687
frozenset({'Diana'}),frozenset({'Darius'}),0.058,0.116,0.01,0.17241379310344826,1.4863258026159332,1.0,0.0032719999999999997,1.0681666666666667,0.3473460721868365,0.06097560975609756,0.06381650803557495,0.1293103448275862
frozenset({'Yone'}),frozenset({'Jinx'}),0.044,0.092,0.006,0.13636363636363638,1.4822134387351782,1.0,0.0019520000000000006,1.0513684210526315,0.3403068340306835,0.046153846153846156,0.048858630356427735,0.1007905138339921
frozenset({'Sion'}),frozenset({'Caitlyn'}),0.04,0.102,0.006,0.15,1.4705882352941178,1.0,0.0019200000000000007,1.0564705882352943,0.3333333333333335,0.04411764705882354,0.053452115812917596,0.10441176470588236
frozenset({'Yorick'}),frozenset({'Caitlyn'}),0.04,0.102,0.006,0.15,1.4705882352941178,1.0,0.0019200000000000007,1.0564705882352943,0.3333333333333335,0.04411764705882354,0.053452115812917596,0.10441176470588236
frozenset({'Shaco'}),frozenset({'MissFortune'}),0.042,0.098,0.006,0.14285714285714285,1.4577259475218658,1.0,0.0018839999999999994,1.0523333333333333,0.32776617954070975,0.04477611940298507,0.049730757047830206,0.10204081632653061
frozenset({'Viego'}),frozenset({'Jinx'}),0.06,0.092,0.008,0.13333333333333333,1.4492753623188406,1.0,0.0024800000000000004,1.0476923076923077,0.3297872340425533,0.05555555555555556,0.04552129221732746,0.11014492753623188
frozenset({'DrMundo'}),frozenset({'Lux'}),0.032,0.13,0.006,0.1875,1.4423076923076923,1.0,0.0018399999999999996,1.0707692307692307,0.31680440771349855,0.038461538461538464,0.0660919540229885,0.11682692307692308
frozenset({'Urgot'}),frozenset({'Lux'}),0.032,0.13,0.006,0.1875,1.4423076923076923,1.0,0.0018399999999999996,1.0707692307692307,0.31680440771349855,0.038461538461538464,0.0660919540229885,0.11682692307692308
frozenset({'Karma'}),frozenset({'Darius'}),0.036,0.116,0.006,0.16666666666666669,1.4367816091954024,1.0,0.001824,1.0608000000000002,0.3153526970954357,0.04109589041095891,0.05731523378582203,0.10919540229885058
frozenset({'Nautilus'}),frozenset({'Darius'}),0.036,0.116,0.006,0.16666666666666669,1.4367816091954024,1.0,0.001824,1.0608000000000002,0.3153526970954357,0.04109589041095891,0.05731523378582203,0.10919540229885058
frozenset({'Amumu'}),frozenset({'Caitlyn'}),0.056,0.102,0.008,0.14285714285714285,1.4005602240896358,1.0,0.002288,1.0476666666666665,0.3029661016949153,0.05333333333333334,0.045497931912185804,0.11064425770308123
frozenset({'Vayne'}),frozenset({'Lux'}),0.044,0.13,0.008,0.18181818181818182,1.3986013986013985,1.0,0.00228,1.0633333333333335,0.29811715481171547,0.04819277108433736,0.05956112852664577,0.12167832167832168
frozenset({'Volibear'}),frozenset({'MissFortune'}),0.044,0.098,0.006,0.13636363636363638,1.391465677179963,1.0,0.0016880000000000003,1.044421052631579,0.294281729428173,0.044117647058823525,0.04253174763152592,0.09879406307977737
frozenset({'MasterYi'}),frozenset({'Jhin'}),0.054,0.08,0.006,0.11111111111111112,1.388888888888889,1.0,0.00168,1.0350000000000001,0.2959830866807611,0.046875,0.03381642512077295,0.09305555555555556
frozenset({'Tryndamere'}),frozenset({'Lux'}),0.034,0.13,0.006,0.1764705882352941,1.3574660633484161,1.0,0.0015799999999999998,1.0564285714285715,0.27260179434092474,0.0379746835443038,0.05341446923597023,0.11131221719457013
frozenset({'Mel'}),frozenset({'Darius'}),0.064,0.116,0.01,0.15625,1.3469827586206895,1.0,0.0025759999999999993,1.0477037037037038,0.2752136752136751,0.05882352941176471,0.04553167420814479,0.12122844827586207
frozenset({'Amumu'}),frozenset({'Jhin'}),0.056,0.08,0.006,0.10714285714285714,1.3392857142857142,1.0,0.0015199999999999997,1.0304,0.2683615819209039,0.046153846153846156,0.0295031055900621,0.09107142857142857
frozenset({'Nocturne'}),frozenset({'Caitlyn'}),0.044,0.102,0.006,0.13636363636363638,1.3368983957219254,1.0,0.0015120000000000003,1.0397894736842106,0.2635983263598327,0.042857142857142864,0.038266855638793305,0.09759358288770055
frozenset({'Yone'}),frozenset({'Caitlyn'}),0.044,0.102,0.006,0.13636363636363638,1.3368983957219254,1.0,0.0015120000000000003,1.0397894736842106,0.2635983263598327,0.042857142857142864,0.038266855638793305,0.09759358288770055
frozenset({'Viego'}),frozenset({'Garen'}),0.06,0.076,0.006,0.1,1.3157894736842106,1.0,0.0014400000000000003,1.0266666666666666,0.25531914893617025,0.046153846153846156,0.02597402597402598,0.08947368421052632
frozenset({'Morgana'}),frozenset({'Darius'}),0.04,0.116,0.006,0.15,1.2931034482758619,1.0,0.00136,1.04,0.23611111111111116,0.04,0.03846153846153845,0.10086206896551723
frozenset({'Jhin'}),frozenset({'Yasuo'}),0.08,0.078,0.008,0.1,1.2820512820512822,1.0,0.0017600000000000003,1.0244444444444445,0.23913043478260873,0.05333333333333334,0.023861171366594366,0.10128205128205128
frozenset({'Viego'}),frozenset({'Yasuo'}),0.06,0.078,0.006,0.1,1.2820512820512822,1.0,0.00132,1.0244444444444445,0.23404255319148937,0.045454545454545456,0.023861171366594366,0.08846153846153847
frozenset({'Yasuo'}),frozenset({'Jhin'}),0.078,0.08,0.008,0.10256410256410256,1.282051282051282,1.0,0.0017600000000000003,1.0251428571428571,0.2386117136659436,0.05333333333333334,0.02452619843924191,0.10128205128205128
frozenset({'Ekko'}),frozenset({'Caitlyn'}),0.046,0.102,0.006,0.13043478260869565,1.278772378516624,1.0,0.0013080000000000001,1.0327,0.22851153039832287,0.04225352112676057,0.031664568606565316,0.09462915601023018
frozenset({'Mordekaiser'}),frozenset({'Darius'}),0.054,0.116,0.008,0.14814814814814814,1.2771392081736908,1.0,0.0017359999999999997,1.0377391304347825,0.2293868921775898,0.04938271604938271,0.03636668342550694,0.10855683269476372
frozenset({'Pantheon'}),frozenset({'Jhin'}),0.06,0.08,0.006,0.1,1.25,1.0,0.0012000000000000005,1.0222222222222221,0.2127659574468086,0.04477611940298507,0.02173913043478261,0.0875
frozenset({'Varus'}),frozenset({'Darius'}),0.042,0.116,0.006,0.14285714285714285,1.231527093596059,1.0,0.0011279999999999997,1.0313333333333332,0.19624217118997908,0.03947368421052632,0.03038138332255978,0.09729064039408866
frozenset({'Kaisa'}),frozenset({'Lux'}),0.038,0.13,0.006,0.15789473684210528,1.2145748987854252,1.0,0.0010600000000000002,1.033125,0.18364518364518367,0.037037037037037035,0.03206291591046584,0.10202429149797572
frozenset({'Mordekaiser'}),frozenset({'Jinx'}),0.054,0.092,0.006,0.11111111111111112,1.2077294685990339,1.0,0.001032,1.0215,0.18181818181818182,0.042857142857142864,0.021047479197258943,0.08816425120772947
frozenset({'Yone'}),frozenset({'Darius'}),0.044,0.116,0.006,0.13636363636363638,1.1755485893416928,1.0,0.0008960000000000001,1.0235789473684211,0.15620641562064158,0.03896103896103896,0.02303578774167011,0.09404388714733543
frozenset({'Garen'}),frozenset({'Jinx'}),0.076,0.092,0.008,0.10526315789473685,1.1441647597254005,1.0,0.0010080000000000002,1.0148235294117647,0.13636363636363638,0.05000000000000001,0.014607002086714595,0.09610983981693363
frozenset({'MasterYi'}),frozenset({'Lux'}),0.054,0.13,0.008,0.14814814814814814,1.1396011396011394,1.0,0.00098,1.021304347826087,0.12949260042283298,0.045454545454545456,0.020859940400170272,0.10484330484330484
frozenset({'Mordekaiser'}),frozenset({'Lux'}),0.054,0.13,0.008,0.14814814814814814,1.1396011396011394,1.0,0.00098,1.021304347826087,0.12949260042283298,0.045454545454545456,0.020859940400170272,0.10484330484330484
frozenset({'Shen'}),frozenset({'Darius'}),0.046,0.116,0.006,0.13043478260869565,1.1244377811094453,1.0,0.0006639999999999997,1.0166,0.1160027952480782,0.038461538461538464,0.01632893960259688,0.09107946026986506
frozenset({'Kayn'}),frozenset({'Darius'}),0.062,0.116,0.008,0.12903225806451613,1.1123470522803114,1.0,0.0008079999999999997,1.014962962962963,0.10767590618336884,0.04705882352941177,0.014742373376149457,0.09899888765294772
frozenset({'MissFortune'}),frozenset({'Lux'}),0.098,0.13,0.014,0.14285714285714285,1.0989010989010988,1.0,0.001259999999999999,1.015,0.09977827050997774,0.06542056074766356,0.014778325123152695,0.12527472527472527
frozenset({'Lux'}),frozenset({'MissFortune'}),0.13,0.098,0.014,0.10769230769230768,1.0989010989010988,1.0,0.001259999999999999,1.0108620689655172,0.10344827586206888,0.06542056074766356,0.01074535220876683,0.12527472527472527
frozenset({'Kayle'}),frozenset({'Darius'}),0.048,0.116,0.006,0.125,1.0775862068965516,1.0,0.0004320000000000001,1.0102857142857142,0.07563025210084034,0.0379746835443038,0.010180995475113115,0.08836206896551724
frozenset({'Veigar'}),frozenset({'Darius'}),0.048,0.116,0.006,0.125,1.0775862068965516,1.0,0.0004320000000000001,1.0102857142857142,0.07563025210084034,0.0379746835443038,0.010180995475113115,0.08836206896551724
frozenset({'Darius'}),frozenset({'Lux'}),0.116,0.13,0.016,0.13793103448275862,1.0610079575596816,1.0,0.0009199999999999989,1.0092,0.0650452488687782,0.06956521739130435,0.009116131589377718,0.13050397877984085
frozenset({'Lux'}),frozenset({'Darius'}),0.13,0.116,0.016,0.12307692307692307,1.0610079575596816,1.0,0.0009199999999999989,1.0080701754385966,0.06609195402298843,0.06956521739130435,0.008005569091541927,0.13050397877984085
frozenset({'Caitlyn'}),frozenset({'Lux'}),0.102,0.13,0.014,0.13725490196078433,1.0558069381598794,1.0,0.0007400000000000011,1.0084090909090908,0.05886096086541529,0.06422018348623854,0.008338967771016462,0.12247360482654601
frozenset({'Lux'}),frozenset({'Caitlyn'}),0.13,0.102,0.014,0.10769230769230768,1.0558069381598794,1.0,0.0007400000000000011,1.0063793103448275,0.060755336617405675,0.06422018348623854,0.0063388727085831745,0.12247360482654601
frozenset({'Volibear'}),frozenset({'Lux'}),0.044,0.13,0.006,0.13636363636363638,1.048951048951049,1.0,0.00027999999999999987,1.0073684210526315,0.04881450488145047,0.03571428571428572,0.007314524555903881,0.09125874125874127
frozenset({'Tristana'}),frozenset({'Lux'}),0.06,0.13,0.008,0.13333333333333333,1.0256410256410255,1.0,0.00020000000000000052,1.0038461538461538,0.026595744680851133,0.04395604395604396,0.0038314176245210657,0.09743589743589744
frozenset({'Viego'}),frozenset({'Lux'}),0.06,0.13,0.008,0.13333333333333333,1.0256410256410255,1.0,0.00020000000000000052,1.0038461538461538,0.026595744680851133,0.04395604395604396,0.0038314176245210657,0.09743589743589744
frozenset({'Ekko'}),frozenset({'Lux'}),0.046,0.13,0.006,0.13043478260869565,1.0033444816053512,1.0,2.0000000000000052e-05,1.0005,0.003494060097833692,0.03529411764705883,0.000499750124937522,0.0882943143812709
frozenset({'Jinx'}),frozenset({'Lux'}),0.092,0.13,0.012,0.13043478260869565,1.0033444816053512,1.0,4.0000000000000105e-05,1.0005,0.0036710719530102884,0.05714285714285715,0.000499750124937522,0.11137123745819398
frozenset({'Sett'}),frozenset({'Darius'}),0.052,0.116,0.006,0.11538461538461539,0.9946949602122016,1.0,-3.199999999999991e-05,0.999304347826087,-0.00559440559440558,0.037037037037037035,-0.000696136442742777,0.08355437665782493
frozenset({'Jhin'}),frozenset({'Lux'}),0.08,0.13,0.01,0.125,0.9615384615384615,1.0,-0.00040000000000000105,0.9942857142857143,-0.041666666666666775,0.049999999999999996,-0.005747126436781614,0.10096153846153846
frozenset({'Teemo'}),frozenset({'Lux'}),0.064,0.13,0.008,0.125,0.9615384615384615,1.0,-0.00032000000000000084,0.9942857142857143,-0.04098360655737716,0.043010752688172046,-0.005747126436781614,0.09326923076923077
frozenset({'Veigar'}),frozenset({'Lux'}),0.048,0.13,0.006,0.125,0.9615384615384615,1.0,-0.00024000000000000063,0.9942857142857143,-0.0403225806451614,0.034883720930232565,-0.005747126436781614,0.08557692307692308
frozenset({'Jinx'}),frozenset({'Darius'}),0.092,0.116,0.01,0.10869565217391305,0.9370314842578711,1.0,-0.0006720000000000007,0.9918048780487806,-0.0689089417555374,0.050505050505050504,-0.008262836907338181,0.09745127436281859
frozenset({'Yasuo'}),frozenset({'Darius'}),0.078,0.116,0.008,0.10256410256410256,0.8841732979664013,1.0,-0.0010480000000000003,0.9850285714285714,-0.1244064577397911,0.043010752688172046,-0.015198978999883988,0.08576480990274093
frozenset({'Amumu'}),frozenset({'Lux'}),0.056,0.13,0.006,0.10714285714285714,0.8241758241758241,1.0,-0.0012799999999999999,0.9743999999999999,-0.18433179723502302,0.03333333333333333,-0.02627257799671594,0.07664835164835165
frozenset({'Garen'}),frozenset({'Lux'}),0.076,0.13,0.008,0.10526315789473685,0.8097165991902834,1.0,-0.0018799999999999997,0.9723529411764705,-0.20276100086281276,0.0404040404040404,-0.028433151845130063,0.08340080971659919
frozenset({'Diana'}),frozenset({'Lux'}),0.058,0.13,0.006,0.10344827586206896,0.7957559681697612,1.0,-0.0015400000000000006,0.9703846153846154,-0.21412680756396002,0.03296703296703297,-0.030519223147047175,0.07480106100795755
frozenset({'Yasuo'}),frozenset({'Lux'}),0.078,0.13,0.008,0.10256410256410256,0.7889546351084812,1.0,-0.0021399999999999995,0.9694285714285714,-0.224884405212274,0.04,-0.031535514294134995,0.08205128205128205
